{"xi2_95.0": [0.96526866305044356, 0.92269879351344419, 0.87841202598131352, 0.83409476559547546, 0.79209789677733622, 0.75794122951468679, 0.72235941961427086, 0.68932342703871008, 0.6517624469248825, 0.62061515519409494, 0.59462477730288088, 0.57091661585401787, 0.54998138124940743, 0.52650443622542564, 0.50248027074025425, 0.48659616315066379, 0.47283158985543139, 0.46142542068737308, 0.44196026224656926, 0.42035406760526972, 0.40238036088682949, 0.3920942581246093, 0.3810094325604324, 0.36544214287914301, 0.34964604499051727, 0.33780111594693546, 0.32805339641794573, 0.32404799174851101, 0.31784716467637802, 0.30872298162639311, 0.30018980929878852, 0.29208220497252907, 0.287525091763083, 0.28096122107483718, 0.27275507319630576, 0.26417180771341403, 0.25765921704033251, 0.25621890995626956, 0.25624806845897258, 0.25208619618245365, 0.24930858520330687, 0.24650245593066047, 0.24719807113850253, 0.2494297744705736, 0.24865618912775395, 0.24746989707476333, 0.24242370679297651, 0.24284883537696186, 0.24424206051970163, 0.24485774799741486, 0.24523149261886837, 0.24551708814985435, 0.24793588484169099, 0.25351290182458025, 0.25733598956475118, 0.26245974981463943, 0.2605121082207954, 0.26121944315693402, 0.26488894562871429, 0.26807064234701128, 0.26708509783833284, 0.26851182411575791, 0.26765381941208799, 0.27146636092610221, 0.27904756780303119, 0.28048631411012354, 0.28087073563991477, 0.28150791154006571, 0.28062890567500887, 0.28394213677706182, 0.28420637513113589, 0.28164976426030597, 0.2806584841394546, 0.27750959472539166, 0.27698772651444609, 0.27751653287603617, 0.28121971705513021, 0.27878688074493285, 0.27761100627218782, 0.27663571451650043, 0.27849648600534771, 0.27800426238836273, 0.27438965913294855, 0.26666137062045681, 0.26254065076737942, 0.25730579649617175, 0.25816398314159278, 0.2557847465488059, 0.25004753835239651, 0.24956634691242333, 0.24780913997045073, 0.24740690631538009, 0.24621397172710488, 0.24280822685915013, 0.23503198106712106, 0.23384032678065869, 0.22979741685466196, 0.22652679523561176, 0.22225568078491034, 0.2176849898484027, 0.21718401816220909], "xi2_85.0_err": [0.028373238723282623, 0.022259555156620335, 0.018481831787553481, 0.01420458547342773, 0.010896528426432737, 0.010903223998330954, 0.0093162655172156963, 0.011623853852481643, 0.0093777440887169924, 0.012676390154767687, 0.013069953957400373, 0.01150250074815885, 0.010676342982409107, 0.011441184158037309, 0.01306861199796931, 0.011447903461506016, 0.011171942092370678, 0.011620767104493524, 0.01209631458889401, 0.011656101439486118, 0.010555897145262737, 0.011600016320837953, 0.012351745920557232, 0.013299898790297577, 0.013210341121470841, 0.011861028426491105, 0.013246408520551426, 0.010805505567114456, 0.01076220484418911, 0.010950060619640573, 0.010408382952968979, 0.010566337505175888, 0.0090556722439220118, 0.0092089629788082474, 0.0082846414454619977, 0.0069832451939829633, 0.0073011009396681164, 0.0073530186746457882, 0.0078700117582403747, 0.0076249465332152693, 0.006806230148416581, 0.0068900648880771383, 0.0068698613881412402, 0.0076947649086964182, 0.0073175076413132603, 0.0079202472174127025, 0.0070289943272902949, 0.0075970644300164978, 0.0075198865828522638, 0.0084713923750963267, 0.0072704995630116761, 0.0079121094570789152, 0.0069810721256644472, 0.0073788287188214733, 0.0065855216696383504, 0.0076431478880294662, 0.0076530759434312685, 0.0086739741052402845, 0.0088319688577114513, 0.0096825507080314215, 0.0087089136997489658, 0.0078335412289108775, 0.0091591364923418305, 0.0095699771152441774, 0.010340424295454903, 0.010084601022944695, 0.010955568003649134, 0.010266321581739834, 0.011864355559684337, 0.012184452344318574, 0.012803081546603543, 0.012939488050905409, 0.012931183550587718, 0.013083399782189928, 0.014453696090836248, 0.013406460772837553, 0.014191812617871835, 0.014747392181055632, 0.012917271863673902, 0.014777551637555817, 0.014397432702353516, 0.014430596548912577, 0.014017564173775846, 0.012136892003455579, 0.012642388263421629, 0.014917183876267594, 0.014235960411933434, 0.014809867284012268, 0.015459424044194486, 0.015570593146208837, 0.01597328983889703, 0.014709461159549535, 0.015651688496327927, 0.021290112565247207, 0.022294381471113359, 0.022206785979318772, 0.022870299438465934, 0.023664428744193663, 0.025924206317411203, 0.028740037515151213, 0.030016916548703046], "xi2_90.0": [0.98173752360133848, 0.88544257911650948, 0.79422261583745635, 0.71356526622707372, 0.64478986621279999, 0.59752813418756778, 0.54661386229929254, 0.50303303323464676, 0.46307507512328577, 0.43654253868180759, 0.40937841242555406, 0.3910638619678562, 0.37195266151637596, 0.3588665192808419, 0.34216534093455453, 0.3351941421274095, 0.32861822623886588, 0.3127306355298235, 0.30155805206346137, 0.28812791228871382, 0.27612878245168898, 0.26405194610883198, 0.25578034416972539, 0.24578595292027272, 0.23280823657288055, 0.22456270073081977, 0.21639904259956594, 0.20656264285222395, 0.19941960189841509, 0.18949948168127667, 0.18125357698231381, 0.1754729176069974, 0.16919585759479031, 0.16455794620529826, 0.1581152148907945, 0.15454368580777678, 0.14776545468179153, 0.14320790471295702, 0.13667547067102442, 0.13537498263820047, 0.12871096624205378, 0.1257259786456694, 0.12155128554975207, 0.12196458929938453, 0.11933383899887778, 0.12057983717518164, 0.12110148589569708, 0.12156503086438633, 0.12449339089897263, 0.12844115939188538, 0.13058003170550181, 0.13427933149049506, 0.13809312507574403, 0.14737297604182836, 0.15464941850263084, 0.15473866269234057, 0.15889740965210408, 0.16426933227907553, 0.16926193548276464, 0.17751502992447823, 0.18314809006031962, 0.18308746142298946, 0.19562778404408948, 0.201838047257863, 0.21447623938344892, 0.22546343212687411, 0.23527056088002407, 0.23994771268727461, 0.2510711427802475, 0.25673993557154207, 0.26104077642207374, 0.26327625958012679, 0.27755174381760606, 0.2815001819998747, 0.29670284961591631, 0.29886581865654294, 0.31259191741600684, 0.32171938607210726, 0.33205407752533272, 0.34294083791397667, 0.35175398287123655, 0.35889481869464052, 0.3701297909952157, 0.37334687905161101, 0.38496169999686414, 0.39413443739995085, 0.39771739565229919, 0.40919672454496397, 0.41958234968260566, 0.42222097631633043, 0.43113502647284802, 0.44136967455353643, 0.45779591148794829, 0.46655838788575327, 0.48001807811302366, 0.4838198702591785, 0.48335400261251915, 0.48882015865896905, 0.4956412881471467, 0.50017829368407274, 0.50979031940301223],