{"xi2_95.0": [0.91342033142202506, 0.88114305436402429, 0.83308707850750696, 0.78912095089043155, 0.74466123928502459, 0.70893544411048659, 0.67490784443473606, 0.64343289611636623, 0.60716849107115833, 0.57462400116275103, 0.54286283137713298, 0.52249543819091282, 0.49919505462968328, 0.4763166753422709, 0.4503081240530184, 0.4325302108661423, 0.42024190392197108, 0.40859510752412526, 0.39105219107972095, 0.37284210136910395, 0.35567211964480827, 0.34554736808234571, 0.335036273637497, 0.32544937389728257, 0.30973501874843812, 0.29807783469881716, 0.29025939678280144, 0.28686666728317495, 0.28264177054815159, 0.27373312364013419, 0.26447596525614386, 0.25909951144463095, 0.2551813330813944, 0.25256074157551583, 0.24628147042729046, 0.23722598815750356, 0.2331249663097901, 0.23034169877541535, 0.23147215646884309, 0.22861802796653136, 0.2232449247161345, 0.22020123350431581, 0.22150615853339475, 0.22169607715494957, 0.22302879308217685, 0.21666966944564517, 0.21337598583371145, 0.21291174515104688, 0.21337157123240566, 0.21434421427980321, 0.21157769248582117, 0.20706020585264512, 0.20969277764024696, 0.21244137084677547, 0.2139981545488315, 0.21641999542756252, 0.2123430652786169, 0.20998361486162351, 0.21374085432223874, 0.2143244982632759, 0.21525453418321347, 0.2101169506956653, 0.20737630270969457, 0.20845421243670423, 0.21198614331038493, 0.21247821021478291, 0.21229500149235145, 0.21059891570307673, 0.21013985370443311, 0.2125149486289846, 0.21198049834539845, 0.21032780223564321, 0.20781604271086296, 0.20115575171230182, 0.2025055455828525, 0.20044271779923722, 0.19878477271556094, 0.19828390762482126, 0.19404701959269646, 0.19576025141874501, 0.19608970802035411, 0.19552932200572842, 0.19428855489076585, 0.19057757327064626, 0.18719692256633894, 0.18738476708277144, 0.18520535985249839, 0.18170521445256463, 0.17954289592222242, 0.1762674203402777, 0.1758743400746309, 0.17886287777364174, 0.176175913324772, 0.17418474768377443, 0.17486597948788271, 0.17179270246378614, 0.17425152657182716, 0.1725593118824352, 0.16770597012046071, 0.16616179271602186, 0.16022449079514467], "xi2_90.0": [0.9731310834722976, 0.85904526391783731, 0.74033033666567971, 0.64335657747060293, 0.5611371467025642, 0.49167645974259888, 0.43452766528627834, 0.38113715228159578, 0.33373313191113008, 0.29124443574114578, 0.25845495217379938, 0.23278570388351244, 0.21059938717065674, 0.19456289557615905, 0.17744018247695975, 0.16514561308330547, 0.15342115096765735, 0.14303417819594255, 0.13166964773307091, 0.12028504345860726, 0.11087656629996305, 0.10439261471734956, 0.098353853789770823, 0.092811224272527484, 0.089093478256047451, 0.085136846483534784, 0.081456313166152636, 0.080677838074097202, 0.076662517964912386, 0.073455482350546747, 0.069413483515554097, 0.065962802721702768, 0.062565028594439895, 0.062675830116799308, 0.058522644399079476, 0.058344150426824413, 0.056046871492643417, 0.055107208377680753, 0.055257445084044371, 0.05357831690207588, 0.050895993857025298, 0.049133846719507254, 0.046509391545140874, 0.045477617967129083, 0.04410550490934606, 0.042237750828928396, 0.040751647061738956, 0.039711411256149375, 0.039180330603065722, 0.038833178889766305, 0.037925856552168798, 0.036253010020757509, 0.034739414711257167, 0.033392146653802329, 0.032321649715516584, 0.030059470403644206, 0.028855647509809651, 0.027073665488910541, 0.025770753002506665, 0.025927755380493373, 0.025206189351446747, 0.023875024892060361, 0.023704777172312817, 0.02158279908684628, 0.020550419045459567, 0.019709612417033624, 0.017281508703466238, 0.01552422340643515, 0.014675732943332969, 0.012486663114052342, 0.01287052448853079, 0.011724178388613235, 0.010408171692993446, 0.010179073837841883, 0.0090204134608714379, 0.0083493870895293403, 0.0080064248756875189, 0.0046126388072728636, 0.0044650987329453665, 0.0028339384187840403, 0.0016834374809642642, 0.0020710865219860119, 0.00037508181752234695, 0.00028181018277088151, -0.00045031453949629025, -0.00013575770179241758, -0.00010453556216173687, -0.00070991984523903256, -0.0020869838665751139, -0.0027198626665913338, -0.0038501446664518358, -0.0039526403109954172, -0.0043214813770162163, -0.0052959090283153263, -0.0058278188250329025, -0.0052467678321981449, -0.0055878687270806077, -0.0046732570742791914, -0.0047588914305873959, -0.0052990961759206727, -0.0055270580283014112], "xi2_85.0": [0.89839867860066969, 0.69764737831333534, 0.55625444023036708, 0.44861971351700092, 0.36624973429399238, 0.30261310784364281, 0.25218748431531851, 0.20839604265726477, 0.17281134997147363, 0.14254647482750329, 0.12405856594735316, 0.11157899147323247, 0.10175087900828395, 0.094298068206164931, 0.084743048711312843, 0.077126567915740393, 0.070017561784479473, 0.063129639503493332, 0.056721551227135354, 0.051429977924942243, 0.047024978859210385, 0.044648354237133196, 0.042620594110299052, 0.041083787095551993, 0.038879846778182646, 0.036341243648447742, 0.034178714359565952, 0.032387399788940396, 0.029984785691891658, 0.027370102411970115, 0.025283527338856943, 0.023519409910114669, 0.022720849373271991, 0.022131810525027173, 0.021133282447493625, 0.019977002683335264, 0.017771857063177292, 0.016563547653566515, 0.015267014805344011, 0.013722631341583268, 0.01247353578937923, 0.010734474973943831, 0.0094173256316723401, 0.0086412988947325627, 0.0078914450693429103, 0.0067094954875766529, 0.0061982700639173901, 0.0043088327783600121, 0.0034710777950625886, 0.0025650169588642756, 0.00034036555301109435, -0.00013265852450972682, -0.0021597975747596082, -0.0025714907829999501, -0.0035183658736315992, -0.0040184930445017813, -0.0047500261683174477, -0.0053249180103694792, -0.0066872954138880438, -0.0069874421075078012, -0.0078417125007881946, -0.009318937859455298, -0.010047002452930583, -0.011202246222226028, -0.011973412907725741, -0.011983078880910101, -0.012432977259982906, -0.013014111083588359, -0.013372954198369612, -0.01375294659826844, -0.014523448887139875, -0.014991059214074041, -0.015311617571730034, -0.015900132694610266, -0.016653575119102561, -0.016609389523968305, -0.01744178974613848, -0.017358928871412157, -0.017193091658371386, -0.017773910221307684, -0.017582066802489464, -0.017476777383836965, -0.018495479520928778, -0.01802211374754073, -0.018887050749976667, -0.019093948782278259, -0.018478804824014178, -0.019202490712297949, -0.018941155404343237, -0.018884356775093241, -0.019302807176429446, -0.018566220707116922, -0.018673481542140411, -0.019164932039343364, -0.018768304456664952, -0.019467687709490672, -0.019160789948152439, -0.01941194581469282, -0.01950551885602176, -0.019109418358791402, -0.019051513884142272],