{"xi2_95.0": [0.96526866305044356, 0.92269879351344419, 0.87841202598131352, 0.83409476559547546, 0.79209789677733622, 0.75794122951468679, 0.72235941961427086, 0.68932342703871008, 0.6517624469248825, 0.62061515519409494, 0.59462477730288088, 0.57091661585401787, 0.54998138124940743, 0.52650443622542564, 0.50248027074025425, 0.48659616315066379, 0.47283158985543139, 0.46142542068737308, 0.44196026224656926, 0.42035406760526972, 0.40238036088682949, 0.3920942581246093, 0.3810094325604324, 0.36544214287914301, 0.34964604499051727, 0.33780111594693546, 0.32805339641794573, 0.32404799174851101, 0.31784716467637802, 0.30872298162639311, 0.30018980929878852, 0.29208220497252907, 0.287525091763083, 0.28096122107483718, 0.27275507319630576, 0.26417180771341403, 0.25765921704033251, 0.25621890995626956, 0.25624806845897258, 0.25208619618245365, 0.24930858520330687, 0.24650245593066047, 0.24719807113850253, 0.2494297744705736, 0.24865618912775395, 0.24746989707476333, 0.24242370679297651, 0.24284883537696186, 0.24424206051970163, 0.24485774799741486, 0.24523149261886837, 0.24551708814985435, 0.24793588484169099, 0.25351290182458025, 0.25733598956475118, 0.26245974981463943, 0.2605121082207954, 0.26121944315693402, 0.26488894562871429, 0.26807064234701128, 0.26708509783833284, 0.26851182411575791, 0.26765381941208799, 0.27146636092610221, 0.27904756780303119, 0.28048631411012354, 0.28087073563991477, 0.28150791154006571, 0.28062890567500887, 0.28394213677706182, 0.28420637513113589, 0.28164976426030597, 0.2806584841394546, 0.27750959472539166, 0.27698772651444609, 0.27751653287603617, 0.28121971705513021, 0.27878688074493285, 0.27761100627218782, 0.27663571451650043, 0.27849648600534771, 0.27800426238836273, 0.27438965913294855, 0.26666137062045681, 0.26254065076737942, 0.25730579649617175, 0.25816398314159278, 0.2557847465488059, 0.25004753835239651, 0.24956634691242333, 0.24780913997045073, 0.24740690631538009, 0.24621397172710488, 0.24280822685915013, 0.23503198106712106, 0.23384032678065869, 0.22979741685466196, 0.22652679523561176, 0.22225568078491034, 0.2176849898484027, 0.21718401816220909], "xi2_90.0": [0.98173752360133848, 0.88544257911650948, 0.79422261583745635, 0.71356526622707372, 0.64478986621279999, 0.59752813418756778, 0.54661386229929254, 0.50303303323464676, 0.46307507512328577, 0.43654253868180759, 0.40937841242555406, 0.3910638619678562, 0.37195266151637596, 0.3588665192808419, 0.34216534093455453, 0.3351941421274095, 0.32861822623886588, 0.3127306355298235, 0.30155805206346137, 0.28812791228871382, 0.27612878245168898, 0.26405194610883198, 0.25578034416972539, 0.24578595292027272, 0.23280823657288055, 0.22456270073081977, 0.21639904259956594, 0.20656264285222395, 0.19941960189841509, 0.18949948168127667, 0.18125357698231381, 0.1754729176069974, 0.16919585759479031, 0.16455794620529826, 0.1581152148907945, 0.15454368580777678, 0.14776545468179153, 0.14320790471295702, 0.13667547067102442, 0.13537498263820047, 0.12871096624205378, 0.1257259786456694, 0.12155128554975207, 0.12196458929938453, 0.11933383899887778, 0.12057983717518164, 0.12110148589569708, 0.12156503086438633, 0.12449339089897263, 0.12844115939188538, 0.13058003170550181, 0.13427933149049506, 0.13809312507574403, 0.14737297604182836, 0.15464941850263084, 0.15473866269234057, 0.15889740965210408, 0.16426933227907553, 0.16926193548276464, 0.17751502992447823, 0.18314809006031962, 0.18308746142298946, 0.19562778404408948, 0.201838047257863, 0.21447623938344892, 0.22546343212687411, 0.23527056088002407, 0.23994771268727461, 0.2510711427802475, 0.25673993557154207, 0.26104077642207374, 0.26327625958012679, 0.27755174381760606, 0.2815001819998747, 0.29670284961591631, 0.29886581865654294, 0.31259191741600684, 0.32171938607210726, 0.33205407752533272, 0.34294083791397667, 0.35175398287123655, 0.35889481869464052, 0.3701297909952157, 0.37334687905161101, 0.38496169999686414, 0.39413443739995085, 0.39771739565229919, 0.40919672454496397, 0.41958234968260566, 0.42222097631633043, 0.43113502647284802, 0.44136967455353643, 0.45779591148794829, 0.46655838788575327, 0.48001807811302366, 0.4838198702591785, 0.48335400261251915, 0.48882015865896905, 0.4956412881471467, 0.50017829368407274, 0.50979031940301223], "xi2_85.0": [0.95513994973528749, 0.85265748422673782, 0.74670398981234132, 0.64782658350968925, 0.58181438315944012, 0.54269556576670708, 0.50910402100802721, 0.49220564011104839, 0.47870473702373206, 0.45838523749406002, 0.46897798349326741, 0.46110107348942619, 0.45423063356201682, 0.44304925543908902, 0.43052102998636294, 0.4157850460006931, 0.41585935236054505, 0.40697214963639716, 0.4037043342882784, 0.39546028208681627, 0.39309095428400048, 0.39041273940513621, 0.3856368016275834, 0.37328442492956465, 0.35749944441495785, 0.34232412770459342, 0.33475230021060348, 0.32658568122243503, 0.31746895284578652, 0.31120507140923453, 0.30385402681508572, 0.29305869774688365, 0.27790022628319755, 0.26243904564229176, 0.24574476375555201, 0.23243087832609385, 0.22241852877778884, 0.21189732135153327, 0.20092123024504785, 0.18993764167663957, 0.17481281623495981, 0.15964231670906945, 0.14860521217643383, 0.13892617757246592, 0.12900697118780308, 0.12448941284489895, 0.11313980010551591, 0.10486236336849472, 0.095095114088107086, 0.087932255239986559, 0.079484503755866451, 0.075862220641222777, 0.068653597351029147, 0.070143026410233247, 0.069808399409580085, 0.06987342997918633, 0.066780016913213475, 0.063718467977774793, 0.05800467023092723, 0.060851573288303568, 0.059657835776771063, 0.061050431846213497, 0.065679957535801997, 0.06945094779398843, 0.071649757752669574, 0.076779093591994155, 0.078147695201601419, 0.082075675794383032, 0.0854092523998429, 0.088686513409122411, 0.099134947753133834, 0.10728958081628333, 0.10898911888346034, 0.11257665712402108, 0.12184882105117012, 0.1246066455864721, 0.14059606978548383, 0.1462700194028993, 0.15172233857121678, 0.16523844332333995, 0.16362014184992221, 0.17123425201545964, 0.19630299208328003, 0.20265759619111059, 0.22779302798660964, 0.24734993066127578, 0.27509345212949149, 0.27866863208076553, 0.32270088175411116, 0.33037572835371948, 0.35708781781019461, 0.37641270766012214, 0.41140847437102962, 0.43511934867759722, 0.45376539820922246, 0.47677985957011043, 0.49561362295045408, 0.52743827897933326, 0.54690238242056399, 0.57600976496204692, 0.59208072459220928],