{"visibility_errors": [0.00017232489228115878, 0.00022948371805113515, 0.00020930189449102328, 0.00029736256509690733, 0.0003879454413582038, 0.00046006254326345436, 0.0008265825820465171, 0.0007589464828452369, 0.0008200880281903509, 0.0007400662875282504, 0.0006063365468705765, 0.0008999345530207754, 0.000995841680960064, 0.00102313600577777, 0.0015007485421522728, 0.0018186496038369532, 0.001495937310562784, 0.0016628980372192625, 0.001218734174170005, 0.0008095752398159184, 0.0007101525082873841, 0.0007161737736167487, 0.0007112354222189037, 0.0009678497527030307, 0.001154487293424203, 0.0015381904805176975, 0.00207242098437334, 0.002483637693045035, 0.0021125361814807748, 0.0031363096219287, 0.002004130691451695, 0.0016931636047334273, 0.00232755170970466, 0.0031374431818177624, 0.0025250250252400104, 0.002240799799700397, 0.002142460229766818, 0.0019632566753573764, 0.0015527720138719446, 0.0012520610584086135, 0.0013918176229003605, 0.0015973626437576366, 0.001763704424493185, 0.0019836161975722477, 0.0020672392536077618, 0.0034434726925963834, 0.004066937306843754, 0.004021030865040639, 0.0013278977733066602, 0.003958853241721973, 0.00380550828416303], "visibility": [0.9997110233618107, 0.991515926667077, 0.989176283640948, 0.9664558733257709, 0.9046748091518234, 0.8133610444757464, 0.6783342387043634, 0.5083947548348069, 0.3866969283017009, 0.37697787914218195, 0.39613184975335086, 0.40990599728879296, 0.4315665868048475, 0.3971280681157797, 0.33454745789605755, 0.36515255061117424, 0.4819460737160951, 0.6537375513878793, 0.8252006803840507, 0.9310791200185504, 0.9666152648505788, 0.9715158970604241, 0.9618119904406253, 0.9406751134457612, 0.8967771829805651, 0.8188276506532477, 0.7275808472168148, 0.6402944113414395, 0.5404685307450736, 0.38918389248274426, 0.28570624522109905, 0.3034391044720835, 0.3016020051673794, 0.33867292936293275, 0.3804871069745309, 0.45519241902017626, 0.5817983520212434, 0.7346415592428805, 0.8577370266016707, 0.9332001013397757, 0.9532624812952978, 0.9513604199005705, 0.9235967545804578, 0.8823636416054121, 0.8269065470550638, 0.7194080378454715, 0.5592353379874503, 0.3332689587105529, 0.35543355272890825, 0.3252838648511306, 0.21549342326599322], "times": [0.0, 0.036000000000000004, 0.07200000000000001, 0.10800000000000001, 0.14400000000000002, 0.18000000000000002, 0.21600000000000003, 0.252, 0.28800000000000003, 0.32400000000000007, 0.36000000000000004, 0.396, 0.43200000000000005, 0.4680000000000001, 0.504, 0.54, 0.5760000000000001, 0.6120000000000001, 0.6480000000000001, 0.684, 0.7200000000000001, 0.7560000000000001, 0.792, 0.8280000000000001, 0.8640000000000001, 0.9000000000000001, 0.9360000000000002, 0.9720000000000001, 1.008, 1.044, 1.08, 1.116, 1.1520000000000001, 1.1880000000000002, 1.2240000000000002, 1.2600000000000002, 1.2960000000000003, 1.332, 1.368, 1.4040000000000001, 1.4400000000000002, 1.4760000000000002, 1.5120000000000002, 1.5480000000000003, 1.584, 1.62, 1.6560000000000001, 1.6920000000000002, 1.7280000000000002, 1.7640000000000002, 1.8000000000000003]}