{"visibility_errors": [0.00012295443579839579, 0.00015765301020262046, 0.00021929027033360803, 0.0002739604656474163, 0.00031014591187331205, 0.00033069272548186187, 0.00034015488343015207, 0.0003294074590218284, 0.0003372586323016357, 0.00033161064782262, 0.0003602258070175294, 0.0003789212587625502, 0.00039940878227047574, 0.00041638336111600726, 0.00041527271273387686, 0.00043340229377487074, 0.00044510670482417615, 0.00045881522415787917, 0.0004730725681908557, 0.0004908735922775113, 0.0005412014845304403, 0.0005794412141623805, 0.0006417290887702511, 0.0006520489849223959, 0.0006377071522042461, 0.0006021579304509169, 0.000527692023201771, 0.00045925290882399653, 0.00040411224209628956, 0.0003832756228977055, 0.0004263140757869046, 0.000497545865191422, 0.0005608994154277844, 0.0005932599274076775, 0.0006062071280833266, 0.0005889197460477532, 0.0006090846228247759, 0.0005905192639747578, 0.0006047331244904713, 0.0005907879693948067, 0.000573644407312391, 0.0005792724044476094, 0.0005935009474571825, 0.0006272095522966667, 0.000666426842068842, 0.0007065482765819365, 0.0007252965205034305, 0.0007615920759595784, 0.0007948945111849467, 0.0008360933775272088, 0.0008238235965040055, 0.0007877754890798719, 0.0007419730482606393, 0.0006781060437035384, 0.000631191513126046, 0.0006058639176664561, 0.0006297346037893569, 0.000680945690812875, 0.0007668256675896321, 0.0008353533930174538, 0.0009282939930336421, 0.000950356981329152, 0.0009693480993626265, 0.0010095390243606084, 0.0010261894671888224, 0.0010701203082823696, 0.0010926873102747262, 0.0010801808315449998, 0.0010268272841612996, 0.0009562252833567838, 0.0009002256772735011, 0.0008868826243808904, 0.0009381530697320865, 0.0009605709075113776, 0.000994469666531854, 0.0009936018915040307, 0.0009497599715038506, 0.0008987697811725925, 0.0008237827924445259, 0.0007414961656793338, 0.0007111351515603168, 0.0007247254979400044, 0.0007686331233627921, 0.0008419459740127928, 0.0009335121492821588, 0.0010236225521326838, 0.0010995080161551529, 0.0011815570739469507, 0.0012343564320729018, 0.0012385561269849083, 0.0012754950691476537, 0.0012390651564732613, 0.0012169262573626179, 0.0011277326438262011, 0.0010685004327567965, 0.0010591265623861445, 0.0010763296079265125, 0.0010984988693494005, 0.001080911174663637, 0.0010370859605827011, 0.0009768328539984412], "visibility": [1.0002311060880325, 0.99160228287052, 0.9668352550764571, 0.9278003916158998, 0.8793734433347364, 0.8243973491925989, 0.7674904563834171, 0.7114826442051969, 0.6594316235777246, 0.6137127694963395, 0.5732269464196833, 0.5402245031346652, 0.514252105416951, 0.4959364720194044, 0.4857156730486375, 0.48355571789922785, 0.4884723293797596, 0.4976973088224816, 0.5104498506795238, 0.5271805976616458, 0.5504337355826949, 0.5811598755565649, 0.6209308983928811, 0.6675173226331013, 0.7181848699943971, 0.7681435342942062, 0.8132986984219832, 0.8491041508263037, 0.8729971689450847, 0.8827811557357532, 0.8786343057770176, 0.8611263060768815, 0.8319884860406508, 0.7941312872811467, 0.7509604818831469, 0.704682295855048, 0.6574301538794675, 0.6103207569242289, 0.5649037693302476, 0.5220772978050383, 0.483391151015325, 0.45079229092812634, 0.4264713833454338, 0.4120652067094608, 0.4083408479403351, 0.4155931920308669, 0.43319012866866463, 0.46050394945650863, 0.4962961719347894, 0.5383001527346023, 0.5836327350016757, 0.6285684207290547, 0.6701073331889691, 0.7053274675773634, 0.7317302966025578, 0.7478120506717837, 0.752202455370498, 0.7447075632298171, 0.725810846796794, 0.6971677289275248, 0.6609861719676904, 0.6199134011689689, 0.5760123757073156, 0.5313886818063035, 0.4873476321444458, 0.44629656703204884, 0.4103168443263982, 0.3810998821759251, 0.36082634297163485, 0.3515346187896265, 0.354322054494507, 0.36862660155931465, 0.39241269840888204, 0.42325589671821134, 0.45865216743226284, 0.4968614517052713, 0.535707410859437, 0.5726026959256434, 0.6046948419278555, 0.629552337632016, 0.6457442560729938, 0.6522622032291844, 0.6487400721064338, 0.6353048609370786, 0.6128902521684907, 0.5829391619317299, 0.5479077023093437, 0.5097110833926889, 0.47032154112328567, 0.4314272548901249, 0.39503275290801754, 0.36290201371246555, 0.33622813700181364, 0.3170834121904445, 0.30799866137063725, 0.3101943320406707, 0.32335234156809534, 0.34579860865786705, 0.37509384258900413, 0.4088213267265701, 0.44428110527640363], "times": [0.0007142857142857143, 0.013698035714285716, 0.02669803571428572, 0.03969803571428572, 0.052698035714285725, 0.06569803571428572, 0.07869803571428571, 0.09169803571428572, 0.10469803571428572, 0.11769803571428572, 0.13069803571428573, 0.14369803571428574, 0.15669803571428575, 0.16969803571428574, 0.18269803571428575, 0.19569803571428573, 0.20869803571428575, 0.22169803571428576, 0.23469803571428574, 0.24769803571428575, 0.26069803571428574, 0.27369803571428575, 0.28669803571428576, 0.29969803571428577, 0.3126980357142858, 0.32569803571428574, 0.33869803571428575, 0.35169803571428576, 0.3646980357142858, 0.3776980357142858, 0.3906980357142858, 0.40369803571428575, 0.41669803571428576, 0.4296980357142858, 0.4426980357142858, 0.4556980357142858, 0.46869803571428575, 0.48169803571428577, 0.4946980357142858, 0.5076980357142857, 0.5206980357142857, 0.5336980357142858, 0.5466980357142858, 0.5596980357142858, 0.5726980357142858, 0.5856980357142857, 0.5986980357142857, 0.6116980357142857, 0.6246980357142857, 0.6376980357142857, 0.6506980357142857, 0.6636980357142858, 0.6766980357142858, 0.6896980357142858, 0.7026980357142858, 0.7156980357142858, 0.7286980357142857, 0.7416980357142857, 0.7546980357142857, 0.7676980357142857, 0.7806980357142858, 0.7936980357142858, 0.8066980357142858, 0.8196980357142858, 0.8326980357142858, 0.8456980357142858, 0.8586980357142858, 0.8716980357142857, 0.8846980357142857, 0.8976980357142857, 0.9106980357142858, 0.9236980357142858, 0.9366980357142858, 0.9496980357142858, 0.9626980357142858, 0.9756980357142858, 0.9886980357142858, 1.0016980357142857, 1.0146980357142859, 1.0276980357142858, 1.0406980357142859, 1.0536980357142858, 1.066698035714286, 1.0796980357142858, 1.0926980357142857, 1.1056980357142858, 1.1186980357142857, 1.1316980357142858, 1.1446980357142857, 1.1576980357142859, 1.1706980357142858, 1.183698035714286, 1.1966980357142858, 1.209698035714286, 1.2226980357142858, 1.2356980357142857, 1.2486980357142858, 1.2616980357142857, 1.2746980357142859, 1.2876980357142858, 1.3006980357142859]}