{"visibility": [0.9999999999999999, 0.9911059852908555, 0.9660881554447982, 0.9268258590059261, 0.8783983017799536, 0.8231971712426714, 0.7660427523463623, 0.70990689140095, 0.657437265173251, 0.6117171303319948, 0.5708551691145047, 0.5374836924005155, 0.5109303389221626, 0.4916731183901631, 0.48070860654823994, 0.477665862173383, 0.48225656516960297, 0.4917080594055351, 0.5042436350936723, 0.5196793067813805, 0.541066603904835, 0.5691925237565517, 0.6070849256765588, 0.6530053619340283, 0.7043553213802571, 0.7566009908944541, 0.805648242679251, 0.8477382569814941, 0.878639265341334, 0.8961503503022481, 0.8988498104970026, 0.8870740422204534, 0.8625885849608443, 0.827395083560862, 0.7842518932123821, 0.7368180089046882, 0.6877201015712973, 0.6386604293902173, 0.591560143172497, 0.5451764964534315, 0.5027582546648397, 0.4655760858889577, 0.43517748218727176, 0.4141343240478452, 0.40378282074172533, 0.4055547776901449, 0.4173512231877029, 0.4376679438572702, 0.4663325295322994, 0.5022461398696838, 0.5446625939706781, 0.5911263093809594, 0.6394664358483403, 0.6855983464883838, 0.7243987196474645, 0.7536506464697831, 0.7719711301830665, 0.7772951991643634, 0.7697401658860178, 0.7501790432477655, 0.7206131516148258, 0.6821043991345971, 0.6379734067156542, 0.5907515346715587, 0.5437667157897077, 0.4971380249819427, 0.45507986649907256, 0.4174946324985494, 0.38570871615767643, 0.3619349506689224, 0.34935011326238463, 0.3494373330017056, 0.3615786773209663, 0.3827868743397554, 0.41074093861576466, 0.4439381201858743, 0.48195938133116534, 0.5252064305858523, 0.5681344001537937, 0.6081994707271016, 0.6416419655084606, 0.6657954676725073, 0.6792284769613754, 0.6822035018885134, 0.6733872257847456, 0.6529157746426015, 0.6223575782825189, 0.5847342870683946, 0.5432493119055244, 0.5010218209504327, 0.4597282543131068, 0.42029597297728727, 0.3834099295646798, 0.351390197781118, 0.32447850610610224, 0.30618521223773926, 0.29804093445636115, 0.30199904631072727, 0.318822002346795, 0.3455320343532802, 0.3783362269343177], "times": [0.0007142857142857143, 0.013681785714285716, 0.02668178571428572, 0.03968178571428572, 0.05268178571428572, 0.06568178571428572, 0.07868178571428572, 0.09168178571428572, 0.10468178571428573, 0.11768178571428572, 0.13068178571428574, 0.14368178571428575, 0.15668178571428573, 0.16968178571428574, 0.18268178571428575, 0.19568178571428574, 0.20868178571428575, 0.22168178571428576, 0.23468178571428575, 0.24768178571428576, 0.26068178571428574, 0.27368178571428575, 0.28668178571428576, 0.2996817857142858, 0.3126817857142858, 0.32568178571428574, 0.33868178571428575, 0.35168178571428577, 0.3646817857142858, 0.3776817857142858, 0.39068178571428575, 0.40368178571428576, 0.41668178571428577, 0.4296817857142858, 0.4426817857142858, 0.4556817857142858, 0.46868178571428576, 0.48168178571428577, 0.4946817857142858, 0.5076817857142857, 0.5206817857142857, 0.5336817857142857, 0.5466817857142857, 0.5596817857142857, 0.5726817857142857, 0.5856817857142858, 0.5986817857142858, 0.6116817857142858, 0.6246817857142858, 0.6376817857142858, 0.6506817857142857, 0.6636817857142857, 0.6766817857142857, 0.6896817857142857, 0.7026817857142857, 0.7156817857142858, 0.7286817857142858, 0.7416817857142858, 0.7546817857142858, 0.7676817857142858, 0.7806817857142858, 0.7936817857142857, 0.8066817857142857, 0.8196817857142857, 0.8326817857142857, 0.8456817857142858, 0.8586817857142858, 0.8716817857142858, 0.8846817857142858, 0.8976817857142858, 0.9106817857142858, 0.9236817857142858, 0.9366817857142857, 0.9496817857142857, 0.9626817857142858, 0.9756817857142858, 0.9886817857142858, 1.0016817857142857, 1.0146817857142858, 1.0276817857142857, 1.0406817857142858, 1.0536817857142857, 1.0666817857142858, 1.0796817857142857, 1.0926817857142859, 1.1056817857142858, 1.118681785714286, 1.1316817857142858, 1.144681785714286, 1.1576817857142858, 1.1706817857142857, 1.1836817857142858, 1.1966817857142857, 1.2096817857142859, 1.2226817857142858, 1.2356817857142859, 1.2486817857142858, 1.261681785714286, 1.2746817857142858, 1.287681785714286, 1.3006817857142858]}