{
    "est_visibility": [], 
    "N1_errors": [
        24.230160950872037, 
        28.053559415540906, 
        22.230199213304676, 
        16.797849772028631, 
        12.266591664149816, 
        7.9206635008022914, 
        9.2641396282343305, 
        8.7141657299755551, 
        7.5932132754644215, 
        7.868928751278113, 
        7.1205020036375748, 
        5.4635579111163564, 
        4.8279986587538248, 
        6.0300709194577076, 
        5.7995664661944577, 
        5.5185782029546182, 
        4.5495950891571271, 
        3.9685422918486331, 
        4.2163644214928837, 
        4.567490783838557, 
        4.8732749307730341, 
        3.8475088403508937, 
        4.7309953877710766, 
        4.9303136700584043, 
        4.5176052966446276, 
        4.3508815511771104, 
        4.5431524226915068, 
        5.7827918991381555, 
        4.4891920557738008, 
        3.9093976877743848, 
        4.0512764322932115, 
        4.3159989102820058, 
        4.3574779286458991, 
        5.3812005653018176, 
        5.0786727083762804, 
        4.3391166286617207, 
        5.9896659144007565, 
        4.3379684171525081, 
        4.1879394042795859, 
        4.2764197729307716, 
        4.3440446810974622
    ], 
    "N2_errors": [
        25.783696786124281, 
        24.991650714864029, 
        20.334279600511042, 
        18.952299700585247, 
        11.945458324936595, 
        11.53078809789687, 
        11.057076601453849, 
        9.1984383209811025, 
        10.398956145620229, 
        8.7666382289664035, 
        10.342090464409882, 
        7.5274660095251491, 
        8.2993421939626479, 
        6.0841004124303861, 
        8.4733406386552108, 
        6.8274359970523815, 
        4.9540401810061763, 
        6.3264603191622975, 
        5.3748299041735894, 
        7.3513535768380782, 
        6.1795184181586889, 
        7.9315720627862465, 
        6.2916196708129037, 
        6.5404087380925793, 
        7.8438107563470973, 
        7.9146093776137967, 
        6.5873126675701208, 
        7.3932284654644338, 
        5.7715291870696994, 
        4.6326269893631826, 
        6.3388754190568743, 
        7.1000745733251582, 
        4.6828332627842384, 
        6.6075423097894612, 
        4.9900795761832919, 
        5.8071194356153457, 
        5.5364791985436312, 
        5.8429367762089841, 
        5.5133175110988812, 
        5.589569906258073, 
        6.0117007766607689
    ], 
    "visibility": [
        0.99995788651648931, 
        0.9436870932181689, 
        0.518128561296057, 
        0.40132360674349044, 
        0.33531662536013462, 
        0.71827910845473597, 
        0.96202495390813969, 
        0.86512833879991602, 
        0.54652656553541135, 
        0.29759242820677206, 
        0.42087124269284709, 
        0.86181070681272665, 
        0.91235108458921277, 
        0.67558283418330189, 
        0.34838208756864442, 
        0.23902799799395191, 
        0.73158521237081409, 
        0.91012962945673803, 
        0.68168753518229031, 
        0.30651425335597537, 
        0.12891462731432624, 
        0.53984812481589306, 
        0.86913429789281438, 
        0.67753483143338766, 
        0.38204969916291659, 
        0.090899231466354008, 
        0.60473325136670808, 
        0.85791894163809101, 
        0.80090691180133688, 
        0.43393776200409062, 
        0.091395639544232812, 
        0.57390181601342671, 
        0.85213191932599464, 
        0.82668768319674069, 
        0.47306487716436213, 
        0.10639749139868282, 
        0.57088385918616269, 
        0.86892705795931946, 
        0.90285137069408072, 
        0.55700273486887686, 
        0.11537475725506459
    ], 
    "times": [
        0.0, 
        0.125, 
        0.25, 
        0.375, 
        0.5, 
        0.625, 
        0.75, 
        0.875, 
        1.0, 
        1.125, 
        1.25, 
        1.375, 
        1.5, 
        1.625, 
        1.75, 
        1.875, 
        2.0, 
        2.125, 
        2.25, 
        2.375, 
        2.5, 
        2.625, 
        2.75, 
        2.875, 
        3.0, 
        3.125, 
        3.25, 
        3.375, 
        3.5, 
        3.625, 
        3.75, 
        3.875, 
        4.0, 
        4.125, 
        4.25, 
        4.375, 
        4.5, 
        4.625, 
        4.75, 
        4.875, 
        5.0
    ], 
    "est_phnoises": [], 
    "N1": [
        27487.190994604578, 
        23483.691958869455, 
        20142.266405090304, 
        16545.934083393113, 
        13726.289232392532, 
        12129.796586306742, 
        10899.103498415812, 
        9751.771459839314, 
        8817.5100216279716, 
        7691.3646684969281, 
        6777.4661372635373, 
        6193.8046151397693, 
        5664.6225505389939, 
        5170.8585744835627, 
        4765.7963736167094, 
        4260.2567888082485, 
        3912.4930382641646, 
        3605.347020513957, 
        3342.0496917549667, 
        3114.0961721281183, 
        2852.5603893832608, 
        2621.8497073129606, 
        2412.3493203489843, 
        2249.7340998878485, 
        2115.798827354301, 
        1960.8497612332112, 
        1813.0765270495867, 
        1659.2973300532965, 
        1541.4835750252014, 
        1463.1343766552257, 
        1371.598748686248, 
        1273.5406364284452, 
        1157.5889272955376, 
        1070.2124267025436, 
        1010.7742982062863, 
        946.09259235265824, 
        877.30393618061282, 
        793.6569121037254, 
        728.89327215595722, 
        681.95104427437468, 
        642.91367070672766
    ], 
    "N2": [
        27504.524757505613, 
        23626.804482496173, 
        20207.052526192998, 
        16790.335679504442, 
        14176.39625047271, 
        12286.072389434907, 
        10726.031952304167, 
        9811.7746636545762, 
        8925.7282735803146, 
        7634.7675491892624, 
        6805.1707785872459, 
        6196.097810129887, 
        5612.022671263865, 
        5285.384617116486, 
        4688.0293070980451, 
        4201.1291826696788, 
        3981.3079801726876, 
        3647.4348446833833, 
        3440.6871996031791, 
        3079.7417922934774, 
        2753.489940181385, 
        2687.8791541932278, 
        2527.3060755638671, 
        2352.314225146426, 
        2131.9695280976089, 
        1895.3574428963261, 
        1890.6038088361204, 
        1785.4528302949457, 
        1673.9353471300892, 
        1508.190323071663, 
        1373.0453624193981, 
        1360.1143089383206, 
        1314.6243599558313, 
        1233.5371531673793, 
        1118.4990631891008, 
        1005.2831102160515, 
        995.36777945622964, 
        967.00241486059713, 
        904.23585405236759, 
        808.04901023900629, 
        724.22901353917189
    ],