{
    "N1_errors": [
        0.0, 
        0.0, 
        0.0, 
        0.0, 
        0.0, 
        0.0, 
        0.0, 
        0.0, 
        0.0, 
        0.0, 
        0.0, 
        0.0, 
        0.0, 
        0.0, 
        0.0, 
        0.0, 
        0.0, 
        0.0, 
        0.0, 
        0.0, 
        0.0, 
        0.0, 
        0.0, 
        0.0, 
        0.0, 
        0.0, 
        0.0, 
        0.0, 
        0.0, 
        0.0, 
        0.0, 
        0.0, 
        0.0, 
        0.0, 
        0.0, 
        0.0, 
        0.0, 
        0.0, 
        0.0, 
        0.0, 
        0.0, 
        0.0, 
        0.0, 
        0.0, 
        0.0, 
        0.0, 
        0.0, 
        0.0, 
        0.0, 
        0.0, 
        0.0
    ], 
    "N1": [
        27500.000000041095, 
        26360.129056148777, 
        25270.448352886793, 
        24239.103846928327, 
        23261.689534296078, 
        22326.294307674121, 
        21445.590962394846, 
        20554.167878184533, 
        19589.252642922122, 
        18578.049340543927, 
        17594.475095730159, 
        16591.867400191317, 
        15680.205268910815, 
        14920.871834401527, 
        14279.380416146749, 
        13750.83298511336, 
        13305.401351695802, 
        12917.88683313171, 
        12561.206763250084, 
        12218.834871082028, 
        11886.029656966308, 
        11563.395100183508, 
        11242.816863685952, 
        10918.569103311354, 
        10603.065436196292, 
        10302.423928204356, 
        10030.464425613212, 
        9782.6830890349192, 
        9542.8708699642521, 
        9272.7258170909408, 
        8960.3835776658689, 
        8614.1076949350136, 
        8228.9705189664764, 
        7906.5968682210132, 
        7642.8472046640773, 
        7436.9593553755822, 
        7260.9206432653536, 
        7094.819070612939, 
        6936.4358263983659, 
        6787.2623943377139, 
        6643.6943754410631, 
        6496.3847320285086, 
        6343.1197217688332, 
        6183.5737306399342, 
        6029.4587113758444, 
        5900.5361774030926, 
        5788.7418886881014, 
        5697.400401458468, 
        5596.4614058534107, 
        5473.0245849214898, 
        5306.7344079227205
    ], 
    "N2": [
        27500.000000041087, 
        26366.791917603896, 
        25315.048965373302, 
        24376.191954592614, 
        23468.043341387543, 
        22535.154963094188, 
        21509.549735786, 
        20546.0351443297, 
        19768.381227991122, 
        18966.869092408619, 
        17807.983367985697, 
        16888.182778117687, 
        16082.978630399195, 
        15381.430320331834, 
        14798.281805129158, 
        14252.887419379767, 
        13718.924388197865, 
        13209.917405367629, 
        12750.77922880876, 
        12297.335084966742, 
        11866.600890339651, 
        11444.623145137903, 
        11099.248220141344, 
        10847.436887112024, 
        10654.924768642624, 
        10457.839284207683, 
        10262.894561661102, 
        10014.147755286655, 
        9736.4332561681786, 
        9461.4014973197081, 
        9085.8107583136079, 
        8638.9324707742599, 
        8359.7971916145798, 
        8091.9982332878844, 
        7860.3519907767959, 
        7646.0926177200399, 
        7453.842122605829, 
        7281.3591727507501, 
        7092.327469350329, 
        6875.5805580766028, 
        6655.5255325169219, 
        6455.9445466833822, 
        6314.1876170389132, 
        6235.4661378597793, 
        6192.4090765778965, 
        6130.1456786680228, 
        6029.0463185621211, 
        5884.5190937171792, 
        5716.018616994992, 
        5538.3390529387561, 
        5345.5755113215409
    ], 
    "N2_errors": [
        0.0, 
        0.0, 
        0.0, 
        0.0, 
        0.0, 
        0.0, 
        0.0, 
        0.0, 
        0.0, 
        0.0, 
        0.0, 
        0.0, 
        0.0, 
        0.0, 
        0.0, 
        0.0, 
        0.0, 
        0.0, 
        0.0, 
        0.0, 
        0.0, 
        0.0, 
        0.0, 
        0.0, 
        0.0, 
        0.0, 
        0.0, 
        0.0, 
        0.0, 
        0.0, 
        0.0, 
        0.0, 
        0.0, 
        0.0, 
        0.0, 
        0.0, 
        0.0, 
        0.0, 
        0.0, 
        0.0, 
        0.0, 
        0.0, 
        0.0, 
        0.0, 
        0.0, 
        0.0, 
        0.0, 
        0.0, 
        0.0, 
        0.0, 
        0.0
    ], 
    "visibility_errors": [
        0.0, 
        0.0, 
        0.0, 
        0.0, 
        0.0, 
        0.0, 
        0.0, 
        0.0, 
        0.0, 
        0.0, 
        0.0, 
        0.0, 
        0.0, 
        0.0, 
        0.0, 
        0.0, 
        0.0, 
        0.0, 
        0.0, 
        0.0, 
        0.0, 
        0.0, 
        0.0, 
        0.0, 
        0.0, 
        0.0, 
        0.0, 
        0.0, 
        0.0, 
        0.0, 
        0.0, 
        0.0, 
        0.0, 
        0.0, 
        0.0, 
        0.0, 
        0.0, 
        0.0, 
        0.0, 
        0.0, 
        0.0, 
        0.0, 
        0.0, 
        0.0, 
        0.0, 
        0.0, 
        0.0, 
        0.0, 
        0.0, 
        0.0, 
        0.0
    ], 
    "visibility": [
        0.99999999999999989, 
        0.99038532274272484, 
        0.98727919537451647, 
        0.96577673336551828, 
        0.90472421233664113, 
        0.81594495285979718, 
        0.68163971551624325, 
        0.51182987593932472, 
        0.38097742132560503, 
        0.36870118454949224, 
        0.39915679893359324, 
        0.411312270872635, 
        0.43655016442231603, 
        0.41289803692795241, 
        0.34590804941878922, 
        0.36234861370311128, 
        0.4660520084882947, 
        0.63045172260540505, 
        0.81416868876434478, 
        0.94051819215101329, 
        0.98575082308273054, 
        0.99393069599857287, 
        0.98338707667241754, 
        0.96954462510795625, 
        0.93188464910010727, 
        0.86646825774583169, 
        0.76504158173821546, 
        0.6868892339644902, 
        0.59656076267122948, 
        0.47675878475534073, 
        0.28595768776351232, 
        0.30241625278275691, 
        0.33781273403652207, 
        0.37454157388947207, 
        0.40149201919285415, 
        0.44040526393115204, 
        0.52393202828184782, 
        0.66147568083394848, 
        0.81503703363492896, 
        0.929708129548239, 
        0.98136966147222293, 
        0.98884360932046622, 
        0.96791324734239814, 
        0.93010809882562695, 
        0.87572865645611953, 
        0.81738887746258959, 
        0.69799571267268701, 
        0.49864117883014941, 
        0.24448778511349961, 
        0.2939279315083812, 
        0.24094405333622712
    ],