{
    "est_visibility": [], 
    "N1_errors": [
        15.193141070882342, 
        13.505619981196423, 
        12.481876829171357, 
        11.499117989164438, 
        11.03989099659095, 
        9.8875891012088815, 
        8.7974638330973658, 
        7.6718244357647007, 
        6.9807096139799309, 
        6.1893225678838624, 
        6.0292015480719288, 
        4.9424624129662185, 
        4.7263877910253633, 
        4.7924280675554396, 
        4.3607740065824236, 
        4.334025115849534, 
        4.735350823467015, 
        4.1888049170833384, 
        4.3983923381835082, 
        4.0944420718986239, 
        3.4433660850745706, 
        3.6073484044588473, 
        3.2160872043020636, 
        3.3363352403747344, 
        3.1542718505187395, 
        3.0631602759356733, 
        3.1268605319313454, 
        2.6714378334340565, 
        2.5058676237168349, 
        2.9083778796095912, 
        3.0354636644220756, 
        2.6801936465988132, 
        2.6747453426969692, 
        2.5171199645610525, 
        2.6601085338792192, 
        2.8059874536410736, 
        2.5785625304493012, 
        2.4536565741395764, 
        2.4942095050971762, 
        2.4866960125906319, 
        2.3020634332372727, 
        2.0628453309002075, 
        2.3103230839317326, 
        2.3993002532814396, 
        2.5670434927174752, 
        2.5780155676329453, 
        2.5949799840030106, 
        2.650077163204458, 
        2.4739999631333269, 
        2.558057670620455, 
        2.5131239945589945
    ], 
    "N2_errors": [
        14.155666582750305, 
        12.087720614655007, 
        11.153196160509079, 
        11.180421861979037, 
        10.84398569762857, 
        9.8770404402082388, 
        8.0775589183152636, 
        8.3237020665052999, 
        7.6376296750570214, 
        6.4505663685353669, 
        5.7957110066730442, 
        5.7212639172465272, 
        5.9588940374943391, 
        4.7154311664816593, 
        5.5595589287846261, 
        5.0909813965107622, 
        4.7003761667414681, 
        3.8363177190988638, 
        4.738597002731737, 
        4.257937990729741, 
        4.9616025533698966, 
        4.2893948380713978, 
        4.2794742043284355, 
        4.2613482467824753, 
        3.7304410891040143, 
        4.1778198110789226, 
        3.7021346752024575, 
        3.8130665522227827, 
        3.2893567120167355, 
        3.5369260452300573, 
        4.1665731510663724, 
        4.1187638000729931, 
        3.5115984733582315, 
        3.8200583578803378, 
        3.5290096576529772, 
        3.2486992935803092, 
        3.2642793971918413, 
        3.3816410629659677, 
        3.0608336986795153, 
        3.1301359936767055, 
        3.3602506950197788, 
        3.6937817434075995, 
        3.4498522426815099, 
        3.4328268889782989, 
        3.6478415633386949, 
        3.3545361513083356, 
        3.2811782291433835, 
        3.0966016261158105, 
        3.4986130663584571, 
        3.364602670507034, 
        3.5943403738958293
    ], 
    "visibility": [
        1.0000325806172639, 
        0.99235562518758402, 
        0.94495073650301531, 
        0.81376037625823783, 
        0.56983591882861495, 
        0.36696645627950858, 
        0.39677475689124042, 
        0.42306715884449458, 
        0.37049041902651197, 
        0.36292954086614426, 
        0.58936904693177472, 
        0.86333659405553709, 
        0.95772425456656407, 
        0.95431598078571822, 
        0.91694616742244639, 
        0.80509848769696046, 
        0.65693479998177151, 
        0.4785142732572803, 
        0.28191968795931643, 
        0.29640453480940027, 
        0.34073083702046758, 
        0.44934108366342457, 
        0.67882981157360145, 
        0.87012854684179541, 
        0.92489894075753265, 
        0.90610459728207471, 
        0.84193214929663329, 
        0.68685536541489767, 
        0.37386455474196351, 
        0.35959736683938026, 
        0.19200711572251239, 
        0.22161989099259416, 
        0.33515274424851227, 
        0.65001866381742834, 
        0.83756478409418389, 
        0.89686585788944995, 
        0.89395285796031565, 
        0.79982834809294889, 
        0.53555674383002794, 
        0.46828790388869984, 
        0.24706682300518615, 
        0.072670242781197297, 
        0.17616806015758887, 
        0.43214981254590012, 
        0.59902138686214201, 
        0.79816193745085573, 
        0.85883841844235187, 
        0.81244289147603654, 
        0.66726179708760058, 
        0.5814356168496666, 
        0.38171491533492324
    ], 
    "times": [
        0.0, 
        0.06, 
        0.12, 
        0.18, 
        0.24, 
        0.3, 
        0.36, 
        0.42, 
        0.48, 
        0.54, 
        0.6, 
        0.6599999999999999, 
        0.72, 
        0.78, 
        0.84, 
        0.8999999999999999, 
        0.96, 
        1.02, 
        1.08, 
        1.14, 
        1.2, 
        1.26, 
        1.3199999999999998, 
        1.38, 
        1.44, 
        1.5, 
        1.56, 
        1.6199999999999999, 
        1.68, 
        1.74, 
        1.7999999999999998, 
        1.8599999999999999, 
        1.92, 
        1.98, 
        2.04, 
        2.1, 
        2.16, 
        2.2199999999999998, 
        2.28, 
        2.34, 
        2.4, 
        2.46, 
        2.52, 
        2.58, 
        2.6399999999999997, 
        2.6999999999999997, 
        2.76, 
        2.82, 
        2.88, 
        2.94, 
        3.0
    ], 
    "est_phnoises": [], 
    "N1": [
        27519.93220145904, 
        25502.508266799894, 
        23634.316359171713, 
        21959.567991562857, 
        20390.389903936823, 
        18705.311324101389, 
        16961.862736664931, 
        15337.815405724741, 
        14071.424617491864, 
        13119.495088951808, 
        12390.130286598604, 
        11770.365016357458, 
        11183.459174086775, 
        10616.718123068822, 
        10061.000307181263, 
        9550.2230423815254, 
        9099.9652604093662, 
        8652.3191329795281, 
        8124.4864545559349, 
        7544.2963296720873, 
        7070.0297354671029, 
        6733.954090203355, 
        6446.1587413316083, 
        6168.8136095378504, 
        5908.264444240298, 
        5648.2641751694273, 
        5394.2290003868702, 
        5188.2382737770558, 
        5006.4479870072137, 
        4806.1863573353703, 
        4543.4804912360541, 
        4312.3126233250096, 
        4127.0793488537965, 
        3970.900291994747, 
        3815.8639629889567, 
        3664.5026211178842, 
        3518.3458974459427, 
        3382.9786439639915, 
        3272.0972370239383, 
        3180.1663047134734, 
        3067.7322708724, 
        2939.4912604337951, 
        2812.6542315551319, 
        2700.903714255418, 
        2604.018939168051, 
        2495.9008341498202, 
        2400.8129701944208, 
        2316.7708816544327, 
        2238.4076476371984, 
        2181.1997293715613, 
        2120.1220663746926
    ],