{
    "est_visibility": [
        0.99971972321402225, 
        0.99052002836599617, 
        0.98822105947575134, 
        0.96605822596971302, 
        0.90354825914827541, 
        0.81381987389347543, 
        0.67782074897537792, 
        0.50703682947601736, 
        0.38537409493570285, 
        0.37687409838492525, 
        0.39737157776862569, 
        0.40811280909487802, 
        0.43122064538687144, 
        0.39746325580970604, 
        0.33623406220696717, 
        0.36812247824730487, 
        0.48101382014879313, 
        0.64984729315341916, 
        0.82139715901273436, 
        0.92522261565190234, 
        0.96107964614664632, 
        0.96126835733003591, 
        0.95586440482275581, 
        0.93278132745185582, 
        0.88604998195814522, 
        0.81250425634429557, 
        0.7144577161126201, 
        0.63856058713396868, 
        0.53514878481688466, 
        0.38517123510329188, 
        0.27967036873105133, 
        0.29986861974174928, 
        0.30423844797951088, 
        0.32372018722046481, 
        0.37275870663476496, 
        0.44613479490037117, 
        0.56426382838857769, 
        0.71990941480537651, 
        0.84310521686719897, 
        0.90668515875215538, 
        0.93340406000868048, 
        0.93084973372861513, 
        0.90575791278989681, 
        0.86268289805625364, 
        0.80179571856463194, 
        0.70400595768513985, 
        0.53527180524790574, 
        0.32040519863093603, 
        0.34441718046587066, 
        0.30732373960292381, 
        0.20263553019189301
    ], 
    "N1_errors": [
        50.828126899831439, 
        55.071125373563184, 
        47.771610589415573, 
        53.277389444365149, 
        44.26555601215432, 
        35.191842604165437, 
        42.394519026837926, 
        36.407883080410407, 
        35.095467313225896, 
        34.096542886523785, 
        31.353660650836026, 
        27.677580968703833, 
        24.573991444067712, 
        28.28640934310096, 
        22.421453971851594, 
        18.203227198118505, 
        23.429173560124418, 
        27.181416781474802, 
        20.401189830813138, 
        19.431960805238269, 
        26.095818364974935, 
        25.206985788711716, 
        17.243150859514106, 
        16.562669295162483, 
        23.334893918636425, 
        22.575943334642535, 
        13.208601849093524, 
        12.590478430254999, 
        15.848633075110154, 
        17.043844142903023, 
        12.869460566130348, 
        14.806210429162926, 
        13.252909655586173, 
        9.908832469947205, 
        10.058678746699469, 
        15.900851879237706, 
        12.127098217556583, 
        7.3299656542521383, 
        10.544668090556838, 
        18.420102264668387, 
        15.762784311772519, 
        11.367242909339344, 
        6.8848073558852239, 
        14.498660830589698, 
        16.165709089173372, 
        11.010837565968158, 
        6.188383807912504, 
        10.012408560756516, 
        9.9915518672175327, 
        8.3813421630772851, 
        6.4229165710848672
    ], 
    "N2_errors": [
        49.969632975638305, 
        53.267483832853024, 
        49.326827488816519, 
        49.956160748750442, 
        41.073203861480231, 
        35.894361721855191, 
        40.997793617127947, 
        34.171691235257242, 
        35.417491728180082, 
        31.776115052397991, 
        27.066610884210558, 
        24.407680159046073, 
        25.048976050221651, 
        23.139845657874197, 
        19.441594298034556, 
        18.982862247918366, 
        18.206194886087044, 
        18.286223325549287, 
        17.564199557045619, 
        18.069505613187271, 
        13.208056318889458, 
        14.218098583010462, 
        13.362735070153589, 
        15.072850209442347, 
        13.903267560524279, 
        13.555536039102163, 
        12.318977313258406, 
        11.186728445651893, 
        9.477604224375817, 
        11.057541701741638, 
        10.404502979523501, 
        10.036798649868446, 
        9.0250110844663887, 
        6.9558430583013866, 
        8.2325300045753007, 
        8.4044229799221402, 
        6.9281864003651439, 
        5.9980349881126784, 
        6.5481993487405372, 
        6.6166721318892705, 
        6.7504616807002398, 
        6.7200901700423561, 
        7.9356633882137526, 
        6.0516361161311307, 
        6.3968127114200142, 
        5.1152854778292989, 
        6.4554124480643624, 
        5.2059728221850845, 
        5.1975890881527578, 
        4.9206786854396132, 
        5.2104716453664359
    ], 
    "visibility": [
        0.99998329454402857, 
        0.99098324767538681, 
        0.98845695792031218, 
        0.96636928493805119, 
        0.90437609747768677, 
        0.81430734169382368, 
        0.67786326507510386, 
        0.50885494357395022, 
        0.38585212502842181, 
        0.37757010188240964, 
        0.39765032063086098, 
        0.41039157755254552, 
        0.43234589751325236, 
        0.39843762157341528, 
        0.33776373500627993, 
        0.3699459439911994, 
        0.48184239941380586, 
        0.65247356242859478, 
        0.82700819298060568, 
        0.93001592685361734, 
        0.96735294939646765, 
        0.9691725921661386, 
        0.95979811450013131, 
        0.93955519174444568, 
        0.89434897772721356, 
        0.81886329915591494, 
        0.72238488248846799, 
        0.64555888025892039, 
        0.54105606114293237, 
        0.38939387258028502, 
        0.28277280446082353, 
        0.30493753040880606, 
        0.30971615827376398, 
        0.33275949611629263, 
        0.37968197774099249, 
        0.4556769902657829, 
        0.57935467053786383, 
        0.73446747737405682, 
        0.86011970096665769, 
        0.9290757921898356, 
        0.95142674074749756, 
        0.94823713275612875, 
        0.9246269672607863, 
        0.88900065019486263, 
        0.82729920252521516, 
        0.72576790679902869, 
        0.55063605653216174, 
        0.33265889624373385, 
        0.35608149528713678, 
        0.31811692546501869, 
        0.21223388692088682
    ], 
    "times": [
        0.0, 
        0.036000000000000004, 
        0.07200000000000001, 
        0.10800000000000001, 
        0.14400000000000002, 
        0.18000000000000002, 
        0.21600000000000003, 
        0.252, 
        0.28800000000000003, 
        0.32400000000000007, 
        0.36000000000000004, 
        0.396, 
        0.43200000000000005, 
        0.4680000000000001, 
        0.504, 
        0.54, 
        0.5760000000000001, 
        0.6120000000000001, 
        0.6480000000000001, 
        0.684, 
        0.7200000000000001, 
        0.7560000000000001, 
        0.792, 
        0.8280000000000001, 
        0.8640000000000001, 
        0.9000000000000001, 
        0.9360000000000002, 
        0.9720000000000001, 
        1.008, 
        1.044, 
        1.08, 
        1.116, 
        1.1520000000000001, 
        1.1880000000000002, 
        1.2240000000000002, 
        1.2600000000000002, 
        1.2960000000000003, 
        1.332, 
        1.368, 
        1.4040000000000001, 
        1.4400000000000002, 
        1.4760000000000002, 
        1.5120000000000002, 
        1.5480000000000003, 
        1.584, 
        1.62, 
        1.6560000000000001, 
        1.6920000000000002, 
        1.7280000000000002, 
        1.7640000000000002, 
        1.8000000000000003
    ],