{
    "est_visibility": [], 
    "N1_errors": [
        19.191276724636154, 
        18.244591536317689, 
        17.288213882501026, 
        17.343048303346055, 
        17.464916989918134, 
        17.610362132722578, 
        14.768301331581867, 
        13.166737904267006, 
        14.250544085682833, 
        11.270222181258413, 
        12.423974843436705, 
        10.112494956325015, 
        9.5410328985746187, 
        10.011735882672392, 
        8.5182440021879255, 
        7.1723565295828209, 
        7.157298241025007, 
        6.7742678771641094, 
        6.9951328619976119, 
        6.5782441416857047, 
        7.1435532655715708, 
        6.3346119037658495, 
        7.9303805216992647, 
        6.708261517663467, 
        7.1288740250688765, 
        5.7887451140748967, 
        5.8904243975079522, 
        5.1749647293761374, 
        5.9272279165632442, 
        5.490016188658478, 
        5.770095144040936, 
        5.8758874269725965, 
        4.9728622345788418, 
        4.8543240625493702, 
        4.3111779574624531, 
        4.8614930680958297, 
        4.5617836067424804, 
        4.6468942802288176, 
        4.1796392676752108, 
        3.6530745854251596, 
        4.3231111198848868, 
        3.9035694238090564, 
        3.5699537792923368, 
        3.2630159553697911, 
        3.5938365067320577, 
        3.9804799493798999, 
        4.2399896768509855, 
        4.0158877094447449, 
        3.4416873952082114, 
        4.0539588597474037, 
        3.4563568807763154
    ], 
    "N2_errors": [
        19.49312945600181, 
        17.169298153629832, 
        18.735703901314295, 
        16.343347023281304, 
        17.802427466969501, 
        16.338723128825137, 
        14.608130714367494, 
        13.327108887949038, 
        15.079599274157792, 
        11.78386231788773, 
        12.562350102558534, 
        10.910767556748389, 
        11.637362539931129, 
        10.034231736491824, 
        9.1461892688357587, 
        9.025584589017587, 
        9.1145564494345166, 
        7.1466381610042022, 
        8.1125956216485218, 
        7.4845651120131791, 
        7.2106500418797372, 
        7.274055852952805, 
        6.9576975957759108, 
        7.1326972791034491, 
        4.9336893946414868, 
        5.8588942675835529, 
        6.1663247820991227, 
        6.2318025349847437, 
        5.2405094834953321, 
        5.7537774938467354, 
        6.2025473040283412, 
        6.159166092676247, 
        5.6169826338314541, 
        5.0262077538981877, 
        5.1045245069930383, 
        5.8251803976397039, 
        4.9605078198465451, 
        5.6443139891840879, 
        4.8247738490203584, 
        4.5504073845315602, 
        4.8452065774655377, 
        4.136858515570891, 
        5.2425978976495813, 
        5.3519818513410184, 
        5.0890171690498844, 
        4.2271560121070175, 
        4.2290954161236503, 
        5.2877172295757617, 
        4.1072619707206801, 
        4.0447800404777681, 
        5.5819170160709737
    ], 
    "visibility": [
        0.99984411737801082, 
        0.99145376632730176, 
        0.98900889631414002, 
        0.96661003826564995, 
        0.90461221475618669, 
        0.81365234257206032, 
        0.67812694088464964, 
        0.50875388954389766, 
        0.38694764031682938, 
        0.37608181147360636, 
        0.39644556668426068, 
        0.41027393781382765, 
        0.43264496298106819, 
        0.39673285130939812, 
        0.33528548410077602, 
        0.36477337181132202, 
        0.48004381924138895, 
        0.6531658299513845, 
        0.82721153234374267, 
        0.93143320095774529, 
        0.9673586750963864, 
        0.9708544256247964, 
        0.96190954408017137, 
        0.9398964391940734, 
        0.89749606933207382, 
        0.81912740383462967, 
        0.7283833397832572, 
        0.64085510454452677, 
        0.53929633707375224, 
        0.39115000283381562, 
        0.2843148146074968, 
        0.30306187038826027, 
        0.30298399191119824, 
        0.33803876875570765, 
        0.38212098687968477, 
        0.45552707590428831, 
        0.58006876399371143, 
        0.7349972820651054, 
        0.85755019941670918, 
        0.93288636410387449, 
        0.95315915842915488, 
        0.95055834643771098, 
        0.92439701731520663, 
        0.88365181780366009, 
        0.82539499083976986, 
        0.72278926227909623, 
        0.55674639392701797, 
        0.33253420133107137, 
        0.35565498027557951, 
        0.32236826896603854, 
        0.21212296334614691
    ], 
    "times": [
        0.0, 
        0.036000000000000004, 
        0.07200000000000001, 
        0.10800000000000001, 
        0.14400000000000002, 
        0.18000000000000002, 
        0.21600000000000003, 
        0.252, 
        0.28800000000000003, 
        0.32400000000000007, 
        0.36000000000000004, 
        0.396, 
        0.43200000000000005, 
        0.4680000000000001, 
        0.504, 
        0.54, 
        0.5760000000000001, 
        0.6120000000000001, 
        0.6480000000000001, 
        0.684, 
        0.7200000000000001, 
        0.7560000000000001, 
        0.792, 
        0.8280000000000001, 
        0.8640000000000001, 
        0.9000000000000001, 
        0.9360000000000002, 
        0.9720000000000001, 
        1.008, 
        1.044, 
        1.08, 
        1.116, 
        1.1520000000000001, 
        1.1880000000000002, 
        1.2240000000000002, 
        1.2600000000000002, 
        1.2960000000000003, 
        1.332, 
        1.368, 
        1.4040000000000001, 
        1.4400000000000002, 
        1.4760000000000002, 
        1.5120000000000002, 
        1.5480000000000003, 
        1.584, 
        1.62, 
        1.6560000000000001, 
        1.6920000000000002, 
        1.7280000000000002, 
        1.7640000000000002, 
        1.8000000000000003
    ], 
    "est_phnoises": [], 
    "N1": [
        27507.787704831368, 
        26295.132137598768, 
        25173.982911685209, 
        24059.621234111055, 
        22983.9022038519, 
        21998.484079162939, 
        21058.750701627821, 
        20114.649660989584, 
        19105.489474309419, 
        18063.396308159638, 
        17045.196676218889, 
        16026.955175661282, 
        15116.663872840954, 
        14364.937814715582, 
        13716.760245628166, 
        13196.373934305864, 
        12730.489283625431, 
        12332.297038831883, 
        11959.364953158918, 
        11602.427389247374, 
        11252.479064038944, 
        10909.816508825368, 
        10564.812410146311, 
        10236.28914261383, 
        9911.2662327108992, 
        9599.6975088154522, 
        9331.8415470363434, 
        9067.914028388057, 
        8819.1521700485282, 
        8517.9459969577347, 
        8190.2976910855805, 
        7834.2176560586122, 
        7494.639868115044, 
        7213.6347063356616, 
        6973.2182139602255, 
        6776.0773698595513, 
        6599.1377280396937, 
        6428.4740731500979, 
        6261.085612632025, 
        6105.5317623203855, 
        5943.6505554907626, 
        5785.7464888184768, 
        5633.7851646456329, 
        5477.8827485672164, 
        5333.1326977517592, 
        5215.5918001185328, 
        5111.7302888848171, 
        4994.4443218182314, 
        4866.9460451392579, 
        4722.2714957153303, 
        4562.7393987559781
    ],