{
    "est_visibility": [
        0.99961194152614929, 
        0.94168673202569853, 
        0.51918824628230298, 
        0.39413086366192185, 
        0.33158256685898319, 
        0.71436904428395942, 
        0.95561365797697784, 
        0.85677005048329746, 
        0.5446023811942774, 
        0.28748567880880949, 
        0.4186905976522553, 
        0.8450661643312718, 
        0.88196185771237967, 
        0.65034753703864057, 
        0.33557840469059264, 
        0.21641416744194855, 
        0.68025249604469551, 
        0.85394895755842715, 
        0.66605762863980822, 
        0.28090501695622888, 
        0.11224714709773918, 
        0.48626001877351765, 
        0.77909690864597037, 
        0.62170191160627519, 
        0.34140616161966841, 
        0.056717444726266747, 
        0.47914108183550452, 
        0.74743074922454344, 
        0.65906597921273247, 
        0.36631114948361093, 
        0.056889168521764039, 
        0.46821265435425413, 
        0.67600496137394728, 
        0.65789183741104951, 
        0.36304610078267208, 
        0.044371464884753006, 
        0.35112528306330709, 
        0.62708859629271407, 
        0.59124236682922526, 
        0.36699783385237233, 
        0.060616608374965568
    ], 
    "N1_errors": [
        107.41916818303446, 
        113.30645404426365, 
        80.858551255728244, 
        52.80542789639415, 
        53.237773055971751, 
        42.271935212724031, 
        46.795472371461074, 
        42.687372343542727, 
        37.730121881787426, 
        31.647060185251092, 
        28.868005315841557, 
        26.984782938115643, 
        14.700457404028421, 
        22.252834607368989, 
        18.975191633345478, 
        20.312253835196429, 
        26.996567276847475, 
        22.223071013924223, 
        9.2748036766780029, 
        11.275729101197754, 
        11.790792334390797, 
        18.494225573589393, 
        24.596266392478384, 
        9.8219527611447894, 
        6.1410837963519667, 
        8.2075899024833863, 
        13.550077618505881, 
        15.427256630961452, 
        8.5930898682718411, 
        8.6505950260256785, 
        7.2090618187282507, 
        11.003016375336367, 
        11.138017998458782, 
        8.3828847856977742, 
        9.3292543773624548, 
        9.2872986601468881, 
        8.9775476457000511, 
        8.5386199285840636, 
        9.0454245950699903, 
        9.1765035983673133, 
        5.7414181464508509
    ], 
    "N2_errors": [
        112.45286520795014, 
        113.22853572604689, 
        76.064088709861124, 
        40.463944208584806, 
        40.582742446288265, 
        29.326239931512603, 
        28.032614254055751, 
        25.77062701166339, 
        21.362428499370292, 
        19.263273533404636, 
        16.096572942620732, 
        13.882133332948097, 
        15.924376804985064, 
        11.666075761980515, 
        8.4558365110462628, 
        13.942340391810538, 
        9.8335974923543219, 
        9.4897022906883066, 
        8.3147016560093103, 
        9.7332916492571844, 
        11.253917092400945, 
        7.9183486882781873, 
        6.6215533430525193, 
        6.6905698761732095, 
        5.4787310979766968, 
        8.5349099411849707, 
        7.3280545463046707, 
        7.8028517966586071, 
        6.4657969765635368, 
        4.8196174423465443, 
        6.9065482917027108, 
        4.7830183250356413, 
        7.5272606120824141, 
        7.0709494048107784, 
        5.7643665397546497, 
        8.2964837643496061, 
        5.7802459896305001, 
        5.9078501050065988, 
        7.8642176381771627, 
        4.6593355525852989, 
        5.75475198030386
    ], 
    "visibility": [
        1.0001307065717595, 
        0.94257891765897406, 
        0.51930544786130328, 
        0.39550072088023031, 
        0.33334059308069053, 
        0.71820488994482445, 
        0.96159831034604248, 
        0.86140066527219661, 
        0.54860812298683737, 
        0.29570574584227, 
        0.4269089587605483, 
        0.86334284452009535, 
        0.91007799004150569, 
        0.66938325686876021, 
        0.34921988609004617, 
        0.23992483348610133, 
        0.73192358439491367, 
        0.90424572969430761, 
        0.68581493768841018, 
        0.3025256557496942, 
        0.1316380686678042, 
        0.54169737332815737, 
        0.87061938315245369, 
        0.68979360063544237, 
        0.37688778365464176, 
        0.08717924261243773, 
        0.58458079190386336, 
        0.86037733302358332, 
        0.783119810495855, 
        0.43378586644763972, 
        0.097626777138096282, 
        0.60701720972026552, 
        0.84163949791437431, 
        0.82750068945569111, 
        0.50024608823147454, 
        0.11217569365939098, 
        0.56924367078152083, 
        0.89399186675442111, 
        0.88585860525357674, 
        0.56587181032528577, 
        0.12433383474083108
    ], 
    "times": [
        0.0, 
        0.125, 
        0.25, 
        0.375, 
        0.5, 
        0.625, 
        0.75, 
        0.875, 
        1.0, 
        1.125, 
        1.25, 
        1.375, 
        1.5, 
        1.625, 
        1.75, 
        1.875, 
        2.0, 
        2.125, 
        2.25, 
        2.375, 
        2.5, 
        2.625, 
        2.75, 
        2.875, 
        3.0, 
        3.125, 
        3.25, 
        3.375, 
        3.5, 
        3.625, 
        3.75, 
        3.875, 
        4.0, 
        4.125, 
        4.25, 
        4.375, 
        4.5, 
        4.625, 
        4.75, 
        4.875, 
        5.0
    ], 
    "est_phnoises": [
        0.012961686781946492, 
        0.025531721514761484, 
        0.070459259177330619, 
        0.098294695612702515, 
        0.13535015869003289, 
        0.10394540441325324, 
        0.12573197112253279, 
        0.13517295172807356, 
        0.15144849410694519, 
        0.21067830760049355, 
        0.2254596447214883, 
        0.22236141480329302, 
        0.21374211819740066, 
        0.24697000671960645, 
        0.27456546561612932, 
        0.44267330528061888, 
        0.37016764595136831, 
        0.31385995460845695, 
        0.30793813037001372, 
        0.39194590907071059, 
        0.58160897951617663, 
        0.4669449046612375, 
        0.44840671259312637, 
        0.47557312038637384, 
        0.47387285473267271, 
        0.82547365186014154, 
        0.62442479732610812, 
        0.54945244540805005, 
        0.56349592819731642, 
        0.59655568189257924, 
        0.94051663316553236, 
        0.70115520278580745, 
        0.6527556008336648, 
        0.67558776983564484, 
        0.8008112107036901, 
        1.0145869394052691, 
        1.0092939605260369, 
        0.77112731683964952, 
        0.88067526627521786, 
        0.85532351928878059, 
        1.0316240125296523
    ],