{
    "est_visibility": [
        0.99967027129755526, 
        0.99225211279900249, 
        0.94413685061305652, 
        0.81293097579599238, 
        0.56949447371600148, 
        0.36839360281745936, 
        0.39520009343395573, 
        0.42436660131614928, 
        0.36544786316548172, 
        0.36472335911461462, 
        0.58488852066672625, 
        0.85976660294491614, 
        0.95323515988218999, 
        0.95049200881878859, 
        0.90883922340985424, 
        0.80017478211952775, 
        0.65384393745042002, 
        0.47396221790430137, 
        0.27704142722367808, 
        0.29127186706814462, 
        0.33025583459894203, 
        0.43687463434679541, 
        0.65864590461503691, 
        0.84790406322088197, 
        0.90237643403984791, 
        0.88424034864824208, 
        0.82323892403466437, 
        0.67022943618915087, 
        0.36040085023102431, 
        0.34316734715756358, 
        0.18697963840815335, 
        0.20682917216711882, 
        0.31615641686506002, 
        0.60005935767934604, 
        0.78698815884538287, 
        0.84601562647950612, 
        0.84427722092323565, 
        0.7533149581876083, 
        0.49791612877195313, 
        0.44520881984867405, 
        0.22363452078355067, 
        0.043050968449472281, 
        0.14661951978424015, 
        0.37927434022998646, 
        0.53447698318345049, 
        0.72189998983964543, 
        0.78057522163434179, 
        0.72482404724182936, 
        0.60404127329802981, 
        0.51163694515187208, 
        0.32166274768223435
    ], 
    "N1_errors": [
        46.634564005595308, 
        45.83874955170436, 
        55.055390711424451, 
        32.461023475789432, 
        37.569979008052819, 
        30.04327343152687, 
        31.912022719799953, 
        24.212867344686973, 
        26.054397574348755, 
        18.692786973834874, 
        30.336822137578356, 
        17.688102001073698, 
        30.714070223526939, 
        26.110654701059445, 
        19.138578759176028, 
        23.497812482238007, 
        12.210188406181869, 
        17.105943670883651, 
        10.36074502070031, 
        14.929329619803889, 
        8.9229089775515948, 
        13.383874351348116, 
        10.703079448399105, 
        14.555367705677183, 
        18.390493814879349, 
        6.8478604029012082, 
        13.39383591714236, 
        10.962885162448414, 
        7.8413963822128769, 
        9.5608207865478381, 
        6.6257452925512119, 
        9.4908701011412475, 
        5.588617389575294, 
        11.192488835449428, 
        9.82732266844455, 
        7.4784166821275573, 
        12.002291389907391, 
        6.2503086440105928, 
        7.2324423815024383, 
        7.9496967195482338, 
        4.320707923454111, 
        7.7400683505798193, 
        4.7481497201987928, 
        8.18858834315572, 
        7.6155702789767128, 
        4.6592288140476414, 
        10.540459799486978, 
        7.1086532707507679, 
        4.8377161969878673, 
        6.8975501825366639, 
        3.9460348167728014
    ], 
    "N2_errors": [
        48.779085483198912, 
        45.556079016176234, 
        47.566484651368931, 
        34.365829433384341, 
        35.874068097152382, 
        32.009394808231939, 
        26.089350568445635, 
        23.604004325781489, 
        20.687726798400913, 
        17.992935889784114, 
        19.459216242286438, 
        15.997937143522632, 
        16.412380845823499, 
        16.546359654299113, 
        12.987311305506232, 
        13.095050668775542, 
        11.635384638692482, 
        10.03192573149509, 
        9.9138256967101643, 
        9.3542937112772737, 
        7.6474469996715921, 
        8.2137870181607884, 
        7.5067814981354868, 
        6.5978356924301877, 
        6.9910748838993246, 
        7.1164352334063112, 
        6.800245095118858, 
        5.4997440289145203, 
        5.4905869388581143, 
        5.1608248540919277, 
        5.2229146856189441, 
        6.8784342737482138, 
        6.2083711830393629, 
        4.5154480199773159, 
        4.5368715549496548, 
        4.2849574873934317, 
        4.3796842064806398, 
        4.1776063764762741, 
        4.1269172255408639, 
        4.3781626669361007, 
        4.2803048919966145, 
        4.2868728039000423, 
        4.725427324250898, 
        3.6707888594940981, 
        4.1594422479738444, 
        3.5030146945418217, 
        3.2012612864932257, 
        3.3910636486872305, 
        3.5214793627371628, 
        3.6064325525556264, 
        3.571189723131821
    ], 
    "visibility": [
        1.0000478768626488, 
        0.99202477903614372, 
        0.94490210540530395, 
        0.8129988836145452, 
        0.57006184994267062, 
        0.36825013245161714, 
        0.39564976515509753, 
        0.42506894093665232, 
        0.36825478400376488, 
        0.36534449633617111, 
        0.58840284804240606, 
        0.86398275715112338, 
        0.95708268815524922, 
        0.95335492496469809, 
        0.91499391362521354, 
        0.80671421377402097, 
        0.65882487510348176, 
        0.47871340881002422, 
        0.28079207143739315, 
        0.2940011343606026, 
        0.34085567599223349, 
        0.44807569187104146, 
        0.67724521367960955, 
        0.86807635034627451, 
        0.92469808865118008, 
        0.90491887420191075, 
        0.83908995966167843, 
        0.68877752938221892, 
        0.37278780490102437, 
        0.35992437667506605, 
        0.19763850181614501, 
        0.22464074226233155, 
        0.33805773102774067, 
        0.6438299124310165, 
        0.83699874589682988, 
        0.89471811182227168, 
        0.88694622778458942, 
        0.79218179809174549, 
        0.52736277253212449, 
        0.47482914656267594, 
        0.24417772832399418, 
        0.070125687096214348, 
        0.1712354141132694, 
        0.43156209326755363, 
        0.60322301058488637, 
        0.79770281581525349, 
        0.8578023758855442, 
        0.8113572443043402, 
        0.66570663523507134, 
        0.57388440867122759, 
        0.37342930206809272
    ], 
    "times": [
        0.0, 
        0.06, 
        0.12, 
        0.18, 
        0.24, 
        0.3, 
        0.36, 
        0.42, 
        0.48, 
        0.54, 
        0.6, 
        0.6599999999999999, 
        0.72, 
        0.78, 
        0.84, 
        0.8999999999999999, 
        0.96, 
        1.02, 
        1.08, 
        1.14, 
        1.2, 
        1.26, 
        1.3199999999999998, 
        1.38, 
        1.44, 
        1.5, 
        1.56, 
        1.6199999999999999, 
        1.68, 
        1.74, 
        1.7999999999999998, 
        1.8599999999999999, 
        1.92, 
        1.98, 
        2.04, 
        2.1, 
        2.16, 
        2.2199999999999998, 
        2.28, 
        2.34, 
        2.4, 
        2.46, 
        2.52, 
        2.58, 
        2.6399999999999997, 
        2.6999999999999997, 
        2.76, 
        2.82, 
        2.88, 
        2.94, 
        3.0
    ],