{
    "est_visibility": [], 
    "N1_errors": [
        0.0, 
        0.0, 
        0.0, 
        0.0, 
        0.0, 
        0.0, 
        0.0, 
        0.0, 
        0.0, 
        0.0, 
        0.0, 
        0.0, 
        0.0, 
        0.0, 
        0.0, 
        0.0, 
        0.0, 
        0.0, 
        0.0, 
        0.0, 
        0.0, 
        0.0, 
        0.0, 
        0.0, 
        0.0, 
        0.0, 
        0.0, 
        0.0, 
        0.0, 
        0.0, 
        0.0, 
        0.0, 
        0.0, 
        0.0, 
        0.0, 
        0.0, 
        0.0, 
        0.0, 
        0.0, 
        0.0, 
        0.0
    ], 
    "N2_errors": [
        0.0, 
        0.0, 
        0.0, 
        0.0, 
        0.0, 
        0.0, 
        0.0, 
        0.0, 
        0.0, 
        0.0, 
        0.0, 
        0.0, 
        0.0, 
        0.0, 
        0.0, 
        0.0, 
        0.0, 
        0.0, 
        0.0, 
        0.0, 
        0.0, 
        0.0, 
        0.0, 
        0.0, 
        0.0, 
        0.0, 
        0.0, 
        0.0, 
        0.0, 
        0.0, 
        0.0, 
        0.0, 
        0.0, 
        0.0, 
        0.0, 
        0.0, 
        0.0, 
        0.0, 
        0.0, 
        0.0, 
        0.0
    ], 
    "visibility": [
        0.99999999999999989, 
        0.94311290196628528, 
        0.52291441693603802, 
        0.40269158169924002, 
        0.3522574479714507, 
        0.70231592185888625, 
        0.99214644950536357, 
        0.9186964295994906, 
        0.62115514402354299, 
        0.32059333109586396, 
        0.42534201409452732, 
        0.84350557156014239, 
        0.97900010630709233, 
        0.80423025693632, 
        0.29273427499678678, 
        0.30140975564708972, 
        0.6158309613145373, 
        0.98222709775093875, 
        0.88375641813368999, 
        0.43943204609693975, 
        0.067747041170492545, 
        0.39246288447228866, 
        0.95729569166430906, 
        0.92414870697712659, 
        0.55406100942216496, 
        0.090678664205184376, 
        0.3890002371409701, 
        0.84184225383111655, 
        0.88265146087328683, 
        0.54821211244138135, 
        0.16696140869074372, 
        0.43818636601102717, 
        0.85394435868125884, 
        0.87034999692363546, 
        0.68334387322258849, 
        0.16931337023553863, 
        0.48475397090342026, 
        0.78967282097110647, 
        0.91921466418494746, 
        0.66919648367010232, 
        0.30565846567190091
    ], 
    "times": [
        0.0, 
        0.125, 
        0.25, 
        0.375, 
        0.5, 
        0.625, 
        0.75, 
        0.875, 
        1.0, 
        1.125, 
        1.25, 
        1.375, 
        1.5, 
        1.625, 
        1.75, 
        1.875, 
        2.0, 
        2.125, 
        2.25, 
        2.375, 
        2.5, 
        2.625, 
        2.75, 
        2.875, 
        3.0, 
        3.125, 
        3.25, 
        3.375, 
        3.5, 
        3.625, 
        3.75, 
        3.875, 
        4.0, 
        4.125, 
        4.25, 
        4.375, 
        4.5, 
        4.625, 
        4.75, 
        4.875, 
        5.0
    ], 
    "est_phnoises": [], 
    "N1": [
        27500.000000041095, 
        23771.088891734795, 
        20607.763681471028, 
        17181.622245483595, 
        14347.655570377636, 
        12787.418795023343, 
        11616.581120238694, 
        10508.791886588588, 
        9600.8986189725747, 
        8518.5735452458666, 
        7490.8332115800195, 
        6906.617017719982, 
        6395.2312617835487, 
        5884.0680015727357, 
        5523.821134864027, 
        4953.3667114612399, 
        4586.2789688474604, 
        4284.0872622394872, 
        3976.121797317418, 
        3780.6737307726353, 
        3500.4522513425595, 
        3255.4958628234558, 
        3049.5191075277953, 
        2854.14364119123, 
        2727.739761771194, 
        2583.4190663146519, 
        2413.8702815542456, 
        2269.1937679026187, 
        2137.1048795207726, 
        2051.0076027787527, 
        1969.4845683244121, 
        1854.7608176779306, 
        1748.1019585770182, 
        1650.2636267414528, 
        1590.7330184650054, 
        1539.9985562195936, 
        1461.3405672129011, 
        1379.0786320341317, 
        1303.0250027990539, 
        1259.6949267560969, 
        1230.9171958120564
    ], 
    "N2": [
        27500.000000041087, 
        23940.304005824786, 
        20593.847506852144, 
        17373.167596301217, 
        14861.758708549549, 
        13045.54311095654, 
        11513.144840612513, 
        10592.747197672081, 
        9795.3781607485907, 
        8552.1327478734675, 
        7701.805592791753, 
        7053.4828262910696, 
        6353.9520892697319, 
        6118.211724731088, 
        5607.8117454855001, 
        5050.5909199576954, 
        4779.9495014422073, 
        4395.575854027903, 
        4194.2413091520884, 
        3922.5885285501727, 
        3511.7018541369262, 
        3365.9994543609519, 
        3257.3779202529922, 
        3099.0833658541846, 
        2915.6770201916106, 
        2613.0826244326863, 
        2559.9725556477856, 
        2511.5741269501677, 
        2398.0408333200371, 
        2243.7750128175353, 
        2034.4946377339772, 
        1996.6906248344308, 
        1969.8584892011806, 
        1901.7307033158463, 
        1787.0643493800012, 
        1652.2024653290596, 
        1610.9169702909815, 
        1604.7816116272438, 
        1558.8709984012348, 
        1472.0562398069719, 
        1350.3763728825647
    ], 
    "visibility_errors": [
        0.0, 
        0.0, 
        0.0, 
        0.0, 
        0.0, 
        0.0, 
        0.0, 
        0.0, 
        0.0, 
        0.0, 
        0.0, 
        0.0, 
        0.0, 
        0.0, 
        0.0, 
        0.0, 
        0.0, 
        0.0, 
        0.0, 
        0.0, 
        0.0, 
        0.0, 
        0.0, 
        0.0, 
        0.0, 
        0.0, 
        0.0, 
        0.0, 
        0.0, 
        0.0, 
        0.0, 
        0.0, 
        0.0, 
        0.0, 
        0.0, 
        0.0, 
        0.0, 
        0.0, 
        0.0, 
        0.0, 
        0.0
    ]
}