{
    "est_visibility": [
        0.99954700952444575, 
        0.99056854058250177, 
        0.98732136559780803, 
        0.96522454318503081, 
        0.90296989115098292, 
        0.81347065578319799, 
        0.67710474446458679, 
        0.5077315704962615, 
        0.38546300804303885, 
        0.37780985992666843, 
        0.39817702288108392, 
        0.40663316744757444, 
        0.43222688021662253, 
        0.39842980233544767, 
        0.33879266996792495, 
        0.36785321446219649, 
        0.47715484970691674, 
        0.65299315722440832, 
        0.82496018327872622, 
        0.92782009412525379, 
        0.95736925701450937, 
        0.96229672477309935, 
        0.9554719968377936, 
        0.93417835122241133, 
        0.88556862207861808, 
        0.81640085384344385, 
        0.71763934829711418, 
        0.64079527420047366, 
        0.53422382480680197, 
        0.38183140170324376, 
        0.28140154730417971, 
        0.29985216126282416, 
        0.30620453222879418, 
        0.32398452128407312, 
        0.37028091263005725, 
        0.4401381000044613, 
        0.56788843817017576, 
        0.71132245243285352, 
        0.84825975327305503, 
        0.90006594842501597, 
        0.93001066905763352, 
        0.93022395195316254, 
        0.90626191697719716, 
        0.86694300329832352, 
        0.80616022062462944, 
        0.71577997423965489, 
        0.52194014168745173, 
        0.31770502618545537, 
        0.33934698257453594, 
        0.30933962493685097, 
        0.19900076579835538
    ], 
    "N1_errors": [
        101.6426378619724, 
        110.64928991739883, 
        106.63211509371001, 
        115.71627949344003, 
        85.827562826244559, 
        67.263460384463002, 
        82.35037241192164, 
        71.719937242192174, 
        71.65863007896526, 
        70.798846919601289, 
        54.48116782387158, 
        47.837223028008189, 
        47.501129274834575, 
        52.249917236240982, 
        48.359445075483556, 
        41.991498526427883, 
        51.496161248597346, 
        43.147060741861786, 
        36.203209739283615, 
        33.190599056347402, 
        56.418688234633983, 
        45.050127219742862, 
        36.913386633225215, 
        36.674027431938605, 
        51.883059784328324, 
        48.158305802513908, 
        23.220517708276837, 
        21.848999145841006, 
        30.181659124640479, 
        38.115886063013292, 
        22.793557395288865, 
        29.43234445070032, 
        28.628435280522009, 
        21.117703772802553, 
        19.687733189000426, 
        30.687334297390073, 
        20.12962258181377, 
        15.412893342435888, 
        25.183160996039447, 
        36.472138490607136, 
        32.697167205652221, 
        18.816936255466395, 
        14.838044156343244, 
        31.483177913900903, 
        33.765812044394075, 
        21.939609107200091, 
        13.340275433647234, 
        19.357256685268705, 
        23.636310689286454, 
        13.247699645037448, 
        11.65682476623015
    ], 
    "N2_errors": [
        95.29136353709049, 
        107.0643692028632, 
        114.02164646490833, 
        107.22962756194916, 
        80.643263118057504, 
        69.073696486144698, 
        76.91318495361655, 
        69.88531304587255, 
        69.619254654339358, 
        65.833796725559836, 
        53.813548137127739, 
        44.776508532103236, 
        49.580721555315215, 
        46.691367052833549, 
        42.782010342657792, 
        43.230048453716456, 
        36.765930323632858, 
        27.625016362615032, 
        35.520703798118369, 
        32.953822951423696, 
        29.986895645561415, 
        26.409943901201, 
        25.845264147306821, 
        27.930096428117118, 
        25.454396463540164, 
        28.408053784200039, 
        23.219618397131082, 
        16.673329758012621, 
        16.406994606338561, 
        21.85186939350254, 
        22.320556517180655, 
        19.256765097286028, 
        19.328314382150467, 
        12.006627176299721, 
        11.613425213751297, 
        15.890731525416491, 
        12.764787916709274, 
        12.821515367820083, 
        13.249587774889147, 
        15.273129449466113, 
        11.55116602905578, 
        13.97676179595133, 
        15.217894228819825, 
        11.48939402082792, 
        12.249267029913526, 
        9.9106888193829743, 
        11.682815382922289, 
        9.4404398310877866, 
        10.728560503786404, 
        10.453894606291145, 
        9.4167792649070705
    ], 
    "visibility": [
        1.0000601420837902, 
        0.99073201505932285, 
        0.98849567321950094, 
        0.96613906973776453, 
        0.90441847601621228, 
        0.81398368706686008, 
        0.67782905743124733, 
        0.50838989389467182, 
        0.38666877449727899, 
        0.37816343166629907, 
        0.39770686673211603, 
        0.40728449654365706, 
        0.4335698891598469, 
        0.40030877701276862, 
        0.33830709840817624, 
        0.37153709236162402, 
        0.4802813212622129, 
        0.65375734116770623, 
        0.82961347096551519, 
        0.92767281017984926, 
        0.96759995328087689, 
        0.9674025261236876, 
        0.96080819835989739, 
        0.93755175168762162, 
        0.89481098033394801, 
        0.82463810775875279, 
        0.7192050573294998, 
        0.65020442403264156, 
        0.5383128246882608, 
        0.38681887327431569, 
        0.28528996805170981, 
        0.30455013244098827, 
        0.31018659982560215, 
        0.33124297351474791, 
        0.38036005373473558, 
        0.45498014339586218, 
        0.57874872348884532, 
        0.7336641755093346, 
        0.85782782448293993, 
        0.92931934370711156, 
        0.94867634837667436, 
        0.95007246879195162, 
        0.92555639018367086, 
        0.89058674540761862, 
        0.82775859616102276, 
        0.72787128623433572, 
        0.54063389952201701, 
        0.32887923691429255, 
        0.35391378626561321, 
        0.3173493853683752, 
        0.21144818437898968
    ], 
    "times": [
        0.0, 
        0.036000000000000004, 
        0.07200000000000001, 
        0.10800000000000001, 
        0.14400000000000002, 
        0.18000000000000002, 
        0.21600000000000003, 
        0.252, 
        0.28800000000000003, 
        0.32400000000000007, 
        0.36000000000000004, 
        0.396, 
        0.43200000000000005, 
        0.4680000000000001, 
        0.504, 
        0.54, 
        0.5760000000000001, 
        0.6120000000000001, 
        0.6480000000000001, 
        0.684, 
        0.7200000000000001, 
        0.7560000000000001, 
        0.792, 
        0.8280000000000001, 
        0.8640000000000001, 
        0.9000000000000001, 
        0.9360000000000002, 
        0.9720000000000001, 
        1.008, 
        1.044, 
        1.08, 
        1.116, 
        1.1520000000000001, 
        1.1880000000000002, 
        1.2240000000000002, 
        1.2600000000000002, 
        1.2960000000000003, 
        1.332, 
        1.368, 
        1.4040000000000001, 
        1.4400000000000002, 
        1.4760000000000002, 
        1.5120000000000002, 
        1.5480000000000003, 
        1.584, 
        1.62, 
        1.6560000000000001, 
        1.6920000000000002, 
        1.7280000000000002, 
        1.7640000000000002, 
        1.8000000000000003
    ],