{"visibility": [0.9999999999999999, 0.9903853227427248, 0.9872791953745165, 0.9657767333655183, 0.9047242123366411, 0.8159449528597972, 0.6816397155162432, 0.5118298759393247, 0.380977421325605, 0.36870118454949224, 0.39915679893359324, 0.411312270872635, 0.43655016442231603, 0.4128980369279524, 0.3459080494187892, 0.3623486137031113, 0.4660520084882947, 0.630451722605405, 0.8141686887643448, 0.9405181921510133, 0.9857508230827305, 0.9939306959985729, 0.9833870766724175, 0.9695446251079562, 0.9318846491001073, 0.8664682577458317, 0.7650415817382155, 0.6868892339644902, 0.5965607626712295, 0.4767587847553407, 0.2859576877635123, 0.3024162527827569, 0.33781273403652207, 0.37454157388947207, 0.40149201919285415, 0.44040526393115204, 0.5239320282818478, 0.6614756808339485, 0.815037033634929, 0.929708129548239, 0.9813696614722229, 0.9888436093204662, 0.9679132473423981, 0.930108098825627, 0.8757286564561195, 0.8173888774625896, 0.697995712672687, 0.4986411788301494, 0.2444877851134996, 0.2939279315083812, 0.24094405333622712], "times": [0.0, 0.036000000000000004, 0.07200000000000001, 0.10800000000000001, 0.14400000000000002, 0.18000000000000002, 0.21600000000000003, 0.252, 0.28800000000000003, 0.32400000000000007, 0.36000000000000004, 0.396, 0.43200000000000005, 0.4680000000000001, 0.504, 0.54, 0.5760000000000001, 0.6120000000000001, 0.6480000000000001, 0.684, 0.7200000000000001, 0.7560000000000001, 0.792, 0.8280000000000001, 0.8640000000000001, 0.9000000000000001, 0.9360000000000002, 0.9720000000000001, 1.008, 1.044, 1.08, 1.116, 1.1520000000000001, 1.1880000000000002, 1.2240000000000002, 1.2600000000000002, 1.2960000000000003, 1.332, 1.368, 1.4040000000000001, 1.4400000000000002, 1.4760000000000002, 1.5120000000000002, 1.5480000000000003, 1.584, 1.62, 1.6560000000000001, 1.6920000000000002, 1.7280000000000002, 1.7640000000000002, 1.8000000000000003]}