{
    "N1_errors": [
        0.0, 
        0.0, 
        0.0, 
        0.0, 
        0.0, 
        0.0, 
        0.0, 
        0.0, 
        0.0, 
        0.0, 
        0.0, 
        0.0, 
        0.0, 
        0.0, 
        0.0, 
        0.0, 
        0.0, 
        0.0, 
        0.0, 
        0.0, 
        0.0, 
        0.0, 
        0.0, 
        0.0, 
        0.0, 
        0.0, 
        0.0, 
        0.0, 
        0.0, 
        0.0, 
        0.0, 
        0.0, 
        0.0, 
        0.0, 
        0.0, 
        0.0, 
        0.0, 
        0.0, 
        0.0, 
        0.0, 
        0.0, 
        0.0, 
        0.0, 
        0.0, 
        0.0, 
        0.0, 
        0.0, 
        0.0, 
        0.0, 
        0.0, 
        0.0, 
        0.0, 
        0.0, 
        0.0, 
        0.0, 
        0.0, 
        0.0, 
        0.0, 
        0.0, 
        0.0, 
        0.0, 
        0.0, 
        0.0, 
        0.0, 
        0.0, 
        0.0, 
        0.0, 
        0.0, 
        0.0, 
        0.0, 
        0.0, 
        0.0, 
        0.0, 
        0.0, 
        0.0, 
        0.0, 
        0.0, 
        0.0, 
        0.0, 
        0.0, 
        0.0, 
        0.0, 
        0.0, 
        0.0, 
        0.0, 
        0.0, 
        0.0, 
        0.0, 
        0.0, 
        0.0, 
        0.0, 
        0.0, 
        0.0, 
        0.0, 
        0.0, 
        0.0, 
        0.0, 
        0.0, 
        0.0, 
        0.0, 
        0.0
    ], 
    "N1": [
        27500.000000041095, 
        27388.553193616368, 
        27279.148291031172, 
        27171.664203974797, 
        27067.289128518292, 
        26965.905904122425, 
        26867.33706747504, 
        26772.609315710892, 
        26682.917830443712, 
        26599.969903970676, 
        26523.689195848019, 
        26455.498778687215, 
        26396.337148361214, 
        26347.63444138374, 
        26308.876399631004, 
        26276.597246071775, 
        26243.878931262341, 
        26204.810751653647, 
        26156.935246412435, 
        26100.871672185975, 
        26039.245299172464, 
        25974.73610066971, 
        25908.720128387962, 
        25842.194661013036, 
        25776.59168749653, 
        25712.9144127176, 
        25651.386196810075, 
        25591.611226383902, 
        25533.783524440925, 
        25477.785308204599, 
        25423.09840042466, 
        25368.844317184092, 
        25315.054266339677, 
        25261.706984987773, 
        25208.660111452948, 
        25155.257232105025, 
        25101.648470553428, 
        25048.214907400368, 
        24995.489018045377, 
        24943.713324099233, 
        24894.508597181502, 
        24850.387253785069, 
        24813.68948915158, 
        24783.466666188302, 
        24755.839320927065, 
        24726.051273593592, 
        24691.750753203123, 
        24652.797510104188, 
        24610.744422755626, 
        24567.678786165576, 
        24525.252362515264, 
        24483.900942420885, 
        24443.998631042497, 
        24406.00291392138, 
        24370.157900317412, 
        24335.904965004462, 
        24302.780568030423, 
        24270.386004773165, 
        24238.560867748842, 
        24206.66434755822, 
        24174.33637425019, 
        24141.364749852888, 
        24107.835248720316, 
        24073.45944909432, 
        24038.123149491337, 
        24002.124038396578, 
        23966.605816169878, 
        23932.567467541943, 
        23901.467286290252, 
        23874.296975466856, 
        23850.141778234363, 
        23826.296033064311, 
        23800.110475014917, 
        23771.216919905339, 
        23740.952785849484, 
        23710.39529401566, 
        23680.339997162926, 
        23651.232300988766, 
        23623.705835875622, 
        23597.808904334233, 
        23573.302831231893, 
        23549.817329627374, 
        23527.303949729641, 
        23505.437928635522, 
        23483.791837651246, 
        23461.691697669179, 
        23439.073159878575, 
        23415.837426251157, 
        23391.80582826629, 
        23366.725735964603, 
        23341.012035703727, 
        23314.910846409977, 
        23289.049424601755, 
        23264.16784802789, 
        23241.407873117456, 
        23220.727071699803, 
        23200.819222813552, 
        23179.863794297838, 
        23157.491040614259, 
        23134.36701196415, 
        23111.390167929185
    ], 
    "N2": [
        27500.000000041087, 
        26778.315828290481, 
        26080.010982290762, 
        25400.00155704288, 
        24741.057017763385, 
        24096.154224479706, 
        23456.784581002197, 
        22819.333191783291, 
        22180.798070311565, 
        21542.287355276832, 
        20890.162882489189, 
        20227.064212121295, 
        19551.693633670584, 
        18865.959596369732, 
        18167.456427776222, 
        17470.218194949113, 
        16814.446611923551, 
        16225.298772820261, 
        15708.815996568343, 
        15258.06108861446, 
        14863.881151325995, 
        14517.095721226407, 
        14205.637339184836, 
        13921.926748650381, 
        13660.774447335501, 
        13417.008782100927, 
        13185.852905853448, 
        12962.836837666382, 
        12747.517478228816, 
        12539.839242454615, 
        12338.144351972094, 
        12138.652471166963, 
        11942.149509933257, 
        11748.225189842688, 
        11555.74315070185, 
        11361.660597396913, 
        11166.440153310796, 
        10970.969496854141, 
        10774.454539144841, 
        10571.4453137725, 
        10356.585189791367, 
        10122.493442634648, 
        9863.3802800929989, 
        9581.4525872378836, 
        9297.3753091873441, 
        9037.3038539990266, 
        8815.476788344311, 
        8628.8613437565, 
        8470.5240316947929, 
        8332.7227199436838, 
        8209.0055773652894, 
        8093.3975131989864, 
        7983.0696753383254, 
        7877.366990700174, 
        7775.2701839823958, 
        7674.5126745191719, 
        7575.2926697228795, 
        7477.4722524276212, 
        7382.5991214582991, 
        7289.1880016922159, 
        7197.0050613825424, 
        7106.0785048282269, 
        7016.0722448103807, 
        6926.0715139608456, 
        6835.0302476338184, 
        6741.6339852884503, 
        6644.3975180502239, 
        6538.9155419610843, 
        6419.388298621272, 
        6282.6441074856139, 
        6136.1759263735785, 
        5995.9487791111515, 
        5872.2210793624345, 
        5769.0592885586047, 
        5683.194701504126, 
        5608.3667784632526, 
        5540.1755268140469, 
        5476.1882507491773, 
        5415.4645806438511, 
        5356.8870889002901, 
        5299.2480236977362, 
        5241.6919174185896, 
        5184.1254806572979, 
        5127.3519989747911, 
        5071.9240187264386, 
        5017.2966302876321, 
        4963.7444563204381, 
        4911.0937986324789, 
        4858.6465524812065, 
        4805.5983875576976, 
        4752.3679100152958, 
        4697.3469625192574, 
        4638.2149269248057, 
        4571.1705846147415, 
        4494.6249229098557, 
        4411.241090147596, 
        4328.2357083114757, 
        4252.5136107193612, 
        4188.525571836115, 
        4135.0092308660778, 
        4088.7871472223915
    ],