{
    "phnoise": [
        0.0054526903565719244, 
        0.0043156708942434317, 
        0.0043931828862182722, 
        0.0065883060846769837, 
        0.0095925240908026569, 
        0.011834065922500889, 
        0.019392344387261611, 
        0.026951491093488666, 
        0.02809028460023406, 
        0.020972278801771414, 
        0.020084862948504614, 
        0.028450099073538154, 
        0.037864569683905398, 
        0.049735799887435865, 
        0.069410535756063249, 
        0.0683193942899889, 
        0.062955341209075116, 
        0.074987124998483742, 
        0.055561943695224679, 
        0.032257908955730934, 
        0.054715534012147723, 
        0.04768927535735621, 
        0.035490959383550534, 
        0.044825650040299973, 
        0.056831391882561103, 
        0.061615698358407946, 
        0.045681655334035502, 
        0.045752530407618119, 
        0.056965564140692426, 
        0.061528697313102315, 
        0.073127301120836208, 
        0.10094608307744418, 
        0.11281660747966886, 
        0.14162834544113048, 
        0.12918694768042935, 
        0.17909349333550686, 
        0.17228529518630986, 
        0.1563596398728834, 
        0.12463431439905584, 
        0.1099994195990813, 
        0.13235379337498143, 
        0.10488377945971447, 
        0.059025570782733391, 
        0.11839325907191237, 
        0.11274509975140405, 
        0.11042440460333026, 
        0.085806769863312274, 
        0.13071606212361087, 
        0.16742674288070614, 
        0.18738280986356173, 
        0.22044968622775785
    ], 
    "pznoise": [
        0.020650103366189436, 
        0.021735883396229866, 
        0.017082594702474765, 
        0.02453651798004837, 
        0.023167782540593363, 
        0.019994583202074302, 
        0.024870510585136351, 
        0.020484309698956333, 
        0.017488263707301326, 
        0.023397288954891522, 
        0.01975415289327679, 
        0.016131651880097103, 
        0.021010018990891173, 
        0.019103670425112639, 
        0.017169550900703608, 
        0.016423220400839503, 
        0.018426109402772953, 
        0.020597591416643315, 
        0.015162680252802039, 
        0.011278141193343541, 
        0.023134052304509198, 
        0.019412419763897175, 
        0.017674969357730816, 
        0.015807859699963969, 
        0.018930017866963932, 
        0.021053474251995181, 
        0.013399458529632865, 
        0.01426238325232463, 
        0.016969861217416348, 
        0.014512793723782006, 
        0.013728780764498114, 
        0.01586982027129135, 
        0.01461615219100121, 
        0.011937191968343494, 
        0.010659241286195172, 
        0.017296567441850839, 
        0.016126223149524152, 
        0.013481988841831667, 
        0.014446956948164596, 
        0.019238323485599826, 
        0.021662458885237185, 
        0.018498433203920001, 
        0.015492506245442296, 
        0.015832245411247198, 
        0.020041536441993212, 
        0.019634155021420876, 
        0.010719856028813465, 
        0.015495714575053011, 
        0.018342089738387485, 
        0.012717285967103495, 
        0.012965046138889814
    ], 
    "times": [
        0.0, 
        0.036000000000000004, 
        0.07200000000000001, 
        0.10800000000000001, 
        0.14400000000000002, 
        0.18000000000000002, 
        0.21600000000000003, 
        0.252, 
        0.28800000000000003, 
        0.32400000000000007, 
        0.36000000000000004, 
        0.396, 
        0.43200000000000005, 
        0.4680000000000001, 
        0.504, 
        0.54, 
        0.5760000000000001, 
        0.6120000000000001, 
        0.6480000000000001, 
        0.684, 
        0.7200000000000001, 
        0.7560000000000001, 
        0.792, 
        0.8280000000000001, 
        0.8640000000000001, 
        0.9000000000000001, 
        0.9360000000000002, 
        0.9720000000000001, 
        1.008, 
        1.044, 
        1.08, 
        1.116, 
        1.1520000000000001, 
        1.1880000000000002, 
        1.2240000000000002, 
        1.2600000000000002, 
        1.2960000000000003, 
        1.332, 
        1.368, 
        1.4040000000000001, 
        1.4400000000000002, 
        1.4760000000000002, 
        1.5120000000000002, 
        1.5480000000000003, 
        1.584, 
        1.62, 
        1.6560000000000001, 
        1.6920000000000002, 
        1.7280000000000002, 
        1.7640000000000002, 
        1.8000000000000003
    ]
}