{
    "phnoise": [
        0.0044097048364708314, 
        0.0047635385146923845, 
        0.0050978984289143147, 
        0.0043709678120675242, 
        0.0052902071047242752, 
        0.0059132820963386842, 
        0.0079149834584072935, 
        0.0099322005065897358, 
        0.014381547963755889, 
        0.01287720843510707, 
        0.014123417555294514, 
        0.015483988693622483, 
        0.01788081078728368, 
        0.020053005070934622, 
        0.0211036024125201, 
        0.018893059574168803, 
        0.0241449417565332, 
        0.022658485759834868, 
        0.02756390002516548, 
        0.024680791532235773, 
        0.026493997526648168, 
        0.022877001025190455, 
        0.026574488057615694, 
        0.028161211935091909, 
        0.033172381139155861, 
        0.034893439417144782, 
        0.037809965504862542, 
        0.040446376139441943, 
        0.052703621542521631, 
        0.058820125855489201, 
        0.079788833381248231, 
        0.060654189958302074, 
        0.075043731864720256, 
        0.065910617478418018, 
        0.067349260226104601, 
        0.072714113756055382, 
        0.065499503447886936, 
        0.077595341478129534, 
        0.060875318750584169, 
        0.052074481131164842, 
        0.05229803966402078, 
        0.061812770061933468, 
        0.068175985479861756, 
        0.070889216838602567, 
        0.079649126318717844, 
        0.066347280616105037, 
        0.081576657455225743, 
        0.12814337937706657, 
        0.14544631268793662, 
        0.15275502110879366, 
        0.16782577968567505
    ], 
    "pznoise": [
        0.0040978181677409301, 
        0.003598077887447457, 
        0.0035485312730701066, 
        0.0036783626158795901, 
        0.0043897678628891509, 
        0.0039222546484445966, 
        0.0034502491521026897, 
        0.0035320389625672216, 
        0.0045047982137326088, 
        0.0033508710797220793, 
        0.004191043115534681, 
        0.003609672776115408, 
        0.0038004562657888842, 
        0.0039413259028320841, 
        0.0033309504901369541, 
        0.0032507581605067341, 
        0.0033914410629054307, 
        0.0033075749504913104, 
        0.0033619298373239632, 
        0.0037947171220129782, 
        0.0034090966962730244, 
        0.0034593432826677457, 
        0.0034668387702595136, 
        0.0040550036077901582, 
        0.0036576148398530781, 
        0.0032481338178989784, 
        0.0033833186054113445, 
        0.0037969419691166809, 
        0.0037109058218756778, 
        0.0034560501275423209, 
        0.0039046553333592824, 
        0.0046371667241610418, 
        0.0043250244490820201, 
        0.0033410768458545831, 
        0.0035266375979234339, 
        0.0040030399920907359, 
        0.0041110995213082778, 
        0.0043056326168676405, 
        0.0037096648313989732, 
        0.0037986543037623372, 
        0.0046583207627347448, 
        0.0035710684321638856, 
        0.0047730093076286655, 
        0.0048848593213241132, 
        0.0044344451491355602, 
        0.0040511396529750929, 
        0.0045551338311084766, 
        0.0051428282835966959, 
        0.0049102550038297183, 
        0.004762176311429887, 
        0.0056066104003911653
    ], 
    "times": [
        0.0, 
        0.036000000000000004, 
        0.07200000000000001, 
        0.10800000000000001, 
        0.14400000000000002, 
        0.18000000000000002, 
        0.21600000000000003, 
        0.252, 
        0.28800000000000003, 
        0.32400000000000007, 
        0.36000000000000004, 
        0.396, 
        0.43200000000000005, 
        0.4680000000000001, 
        0.504, 
        0.54, 
        0.5760000000000001, 
        0.6120000000000001, 
        0.6480000000000001, 
        0.684, 
        0.7200000000000001, 
        0.7560000000000001, 
        0.792, 
        0.8280000000000001, 
        0.8640000000000001, 
        0.9000000000000001, 
        0.9360000000000002, 
        0.9720000000000001, 
        1.008, 
        1.044, 
        1.08, 
        1.116, 
        1.1520000000000001, 
        1.1880000000000002, 
        1.2240000000000002, 
        1.2600000000000002, 
        1.2960000000000003, 
        1.332, 
        1.368, 
        1.4040000000000001, 
        1.4400000000000002, 
        1.4760000000000002, 
        1.5120000000000002, 
        1.5480000000000003, 
        1.584, 
        1.62, 
        1.6560000000000001, 
        1.6920000000000002, 
        1.7280000000000002, 
        1.7640000000000002, 
        1.8000000000000003
    ]
}