{
    "phnoise": [
        0.004482704358236239, 
        0.0050435970146415193, 
        0.005096013419544734, 
        0.0065471049810848026, 
        0.0097693701020468565, 
        0.012474283645397872, 
        0.015306036994118824, 
        0.023204409427277844, 
        0.019555001845570897, 
        0.011960323980504809, 
        0.021319073656875343, 
        0.027278544120016263, 
        0.028306725613808325, 
        0.045963912928180958, 
        0.066851938899742877, 
        0.055616859966529257, 
        0.059525120949133078, 
        0.048016126372024452, 
        0.045545948230092677, 
        0.034562416173399814, 
        0.029683577006212915, 
        0.023246221214320472, 
        0.030838767793917601, 
        0.030793681559395075, 
        0.048334551459298582, 
        0.051419147441324226, 
        0.041013044320449013, 
        0.044861155385346942, 
        0.042493782629789582, 
        0.059692950071179363, 
        0.078130840625366849, 
        0.084943649309272617, 
        0.13119175318392529, 
        0.14451720250077177, 
        0.14552960404042864, 
        0.17856624976617455, 
        0.15708654719630019, 
        0.13699801913011242, 
        0.11852231007155781, 
        0.084094264170486668, 
        0.067302108460526908, 
        0.058443803859400137, 
        0.065364484986404139, 
        0.074973284750339403, 
        0.07030771714040851, 
        0.085834288167530942, 
        0.079875551673072268, 
        0.13387770473333888, 
        0.14283903988178848, 
        0.2053980559547765, 
        0.25127544903032545
    ], 
    "pznoise": [
        0.018201959925637563, 
        0.019918964053990764, 
        0.020610346190733715, 
        0.020588847354795461, 
        0.024179250025834841, 
        0.019866928063323089, 
        0.017585269459311544, 
        0.018787776883978938, 
        0.01707188530165921, 
        0.017192505036816966, 
        0.018647003931138256, 
        0.018574794989794335, 
        0.014877942590935911, 
        0.015807341274804938, 
        0.01560630127928616, 
        0.014107909717267419, 
        0.014796978810872866, 
        0.014209652075163079, 
        0.013523128428849198, 
        0.012076979799680159, 
        0.013821063377900213, 
        0.012862789095669788, 
        0.014357958298834756, 
        0.013041265452461381, 
        0.013290610617775053, 
        0.013758305304347178, 
        0.013032480021148221, 
        0.013167273202203754, 
        0.013054504487066586, 
        0.013721494611084505, 
        0.01132636057371474, 
        0.013012358429137802, 
        0.014507539728874308, 
        0.01345556021036661, 
        0.01180186217900734, 
        0.012977700169701777, 
        0.01174105147412053, 
        0.012659213219586452, 
        0.011495402118691392, 
        0.010158490803100578, 
        0.010792852986173182, 
        0.01252654808005252, 
        0.011763886412829251, 
        0.012716342286191631, 
        0.010037826699128173, 
        0.011073899264528359, 
        0.011159223142225479, 
        0.013295679018370069, 
        0.013249012676939342, 
        0.010826452679609865, 
        0.013621686920031375
    ], 
    "times": [
        0.0, 
        0.036000000000000004, 
        0.07200000000000001, 
        0.10800000000000001, 
        0.14400000000000002, 
        0.18000000000000002, 
        0.21600000000000003, 
        0.252, 
        0.28800000000000003, 
        0.32400000000000007, 
        0.36000000000000004, 
        0.396, 
        0.43200000000000005, 
        0.4680000000000001, 
        0.504, 
        0.54, 
        0.5760000000000001, 
        0.6120000000000001, 
        0.6480000000000001, 
        0.684, 
        0.7200000000000001, 
        0.7560000000000001, 
        0.792, 
        0.8280000000000001, 
        0.8640000000000001, 
        0.9000000000000001, 
        0.9360000000000002, 
        0.9720000000000001, 
        1.008, 
        1.044, 
        1.08, 
        1.116, 
        1.1520000000000001, 
        1.1880000000000002, 
        1.2240000000000002, 
        1.2600000000000002, 
        1.2960000000000003, 
        1.332, 
        1.368, 
        1.4040000000000001, 
        1.4400000000000002, 
        1.4760000000000002, 
        1.5120000000000002, 
        1.5480000000000003, 
        1.584, 
        1.62, 
        1.6560000000000001, 
        1.6920000000000002, 
        1.7280000000000002, 
        1.7640000000000002, 
        1.8000000000000003
    ]
}