{"phnoise": [0.004235098147359038, 0.004841847157156781, 0.005021407689037572, 0.004362530540874978, 0.005707952644281773, 0.0053995042640307645, 0.00800435139463351, 0.010193864387733556, 0.014405372208886706, 0.011588141185005446, 0.01473556857058248, 0.015146440990495197, 0.01842369286023468, 0.020229841094388676, 0.020222563722831946, 0.01685864461799451, 0.02505062401264913, 0.02389337485109796, 0.02896420109142785, 0.024033022959270657, 0.028075034977219884, 0.02305323165641284, 0.021334922537306587, 0.02882956413574062, 0.03167994563758591, 0.030956806630917502, 0.03487222667113543, 0.04106900912228896, 0.04863735139802257, 0.058808268782569645, 0.07546238827722361, 0.05982740177883848, 0.07271946050631592, 0.062379320806279386, 0.06947175133428159, 0.07183256901940467, 0.06731478559215567, 0.06552019012097059, 0.0615942635230489, 0.05263655418717921, 0.05280398058508098, 0.06021977001637071, 0.06567881006377875, 0.07470744795400594, 0.08025430434386009, 0.07046421755555403, 0.08184496243273875, 0.12340163269507452, 0.1411064275241332, 0.14686123814384913, 0.16429354390306444], "pznoise": [0.004357321540597477, 0.003664945163955414, 0.0036739841179124154, 0.0035545158559368278, 0.004504235314701372, 0.0035525288649614945, 0.0034758055851853904, 0.0032301145657541498, 0.004202026458875261, 0.0034885751157102897, 0.00412165196452636, 0.003391736455347052, 0.003987444342698118, 0.0038578110199538997, 0.0031230197960088256, 0.003143619023513884, 0.003292338954787431, 0.003151615523260734, 0.003259221326273166, 0.003621965497642269, 0.0035129447077605564, 0.003374128908468734, 0.003460611396266734, 0.004061076521594096, 0.00367610158303362, 0.002852110803088469, 0.003356452531834494, 0.003781946591125637, 0.003548473095048555, 0.0036851787687606735, 0.003853257028279276, 0.004296640580376666, 0.00464563479580769, 0.0034880914027969573, 0.00355566568733902, 0.004043156470523654, 0.004364300872205186, 0.004293166210496002, 0.003423134410894147, 0.003882127758419929, 0.0044648781378566205, 0.0036164638951998373, 0.004631940609508453, 0.004855858244985296, 0.003846709761519405, 0.004098133290550017, 0.004653334584405117, 0.0055444253631629845, 0.004609379157571324, 0.005186017740387857, 0.005976294070986301], "times": [0.0, 0.036000000000000004, 0.07200000000000001, 0.10800000000000001, 0.14400000000000002, 0.18000000000000002, 0.21600000000000003, 0.252, 0.28800000000000003, 0.32400000000000007, 0.36000000000000004, 0.396, 0.43200000000000005, 0.4680000000000001, 0.504, 0.54, 0.5760000000000001, 0.6120000000000001, 0.6480000000000001, 0.684, 0.7200000000000001, 0.7560000000000001, 0.792, 0.8280000000000001, 0.8640000000000001, 0.9000000000000001, 0.9360000000000002, 0.9720000000000001, 1.008, 1.044, 1.08, 1.116, 1.1520000000000001, 1.1880000000000002, 1.2240000000000002, 1.2600000000000002, 1.2960000000000003, 1.332, 1.368, 1.4040000000000001, 1.4400000000000002, 1.4760000000000002, 1.5120000000000002, 1.5480000000000003, 1.584, 1.62, 1.6560000000000001, 1.6920000000000002, 1.7280000000000002, 1.7640000000000002, 1.8000000000000003]}