{
    "est_phnoise": 0.029865345272737327, 
    "est_phase": -1.8047335539584437, 
    "Pz": [
        -0.14970914710996425, 
        0.19754418705486784, 
        0.22682350401763199, 
        0.24615539669596045, 
        0.39849900516235193, 
        0.39280013681131365, 
        0.51126641803366935, 
        0.53997494019186298, 
        0.53306803090132859, 
        0.52977846017023389, 
        0.62785740521526523, 
        0.84942812724861838, 
        0.8534964206763983, 
        0.8866479140817437, 
        0.91616361679552349, 
        0.94555840257550239, 
        0.93593126275061933, 
        0.95575804481458315, 
        0.95870054991911469, 
        0.93094689269499342, 
        0.90873662296821112, 
        0.90689262868865961, 
        0.90525347355466823, 
        0.89610083841435817, 
        0.75914821921034503, 
        0.62279244320966154, 
        0.51735366373914338, 
        0.44595703815552656, 
        0.45250325511752576, 
        0.31967773439383407, 
        0.16561338617693977, 
        0.16960734471395195, 
        0.048570244340211212, 
        -0.042656299147643434, 
        -0.0038692925547752113, 
        -0.081768099777562567, 
        -0.06484235859387473, 
        -0.10878823143465116, 
        -0.17855108667255132, 
        -0.40208592877530297, 
        -0.47367224963102605, 
        -0.47774776857747198, 
        -0.49519452048463353, 
        -0.57905600686396885, 
        -0.59753611928574912, 
        -0.65462042848147817, 
        -0.70620860768170324, 
        -0.69720448357415066, 
        -0.74300746597049327, 
        -0.80110306282203991, 
        -0.8298670283476024, 
        -0.88506850386784797, 
        -0.92308816269159788, 
        -0.93553344736461264, 
        -0.94688602656730714, 
        -0.96917006031619379, 
        -0.96668003105515099, 
        -0.95537085020120927, 
        -0.94807535435903489, 
        -0.86766923644788241, 
        -0.83663384064405755, 
        -0.69714752478367126, 
        -0.52906907323165719, 
        -0.52251810269573185
    ], 
    "phis": [
        0.069731643181268052, 
        0.39305164909923462, 
        0.47337331274055972, 
        0.49491510179170128, 
        0.6127050022285695, 
        0.69927712232528383, 
        0.80757177305559336, 
        0.80890450078981335, 
        0.81425359531563157, 
        0.83455614925884258, 
        0.92078588216470469, 
        1.3049627836264617, 
        1.3140398387125565, 
        1.4248475428519982, 
        1.5347822031504439, 
        1.5677196118423866, 
        1.5903946872757238, 
        1.6525201774533249, 
        1.7367801989811718, 
        2.0607023145863907, 
        2.1421420383427416, 
        2.1493063257149547, 
        2.1776425150163434, 
        2.2047149992093944, 
        2.4883197308866016, 
        2.6902543319051819, 
        2.7919078427601036, 
        2.8849394841393918, 
        2.9366425625774144, 
        3.0723504333578342, 
        3.1930546169595089, 
        3.2191650897624635, 
        3.2753167886889027, 
        3.3878888322356979, 
        3.4379025889582886, 
        3.4433694409318942, 
        3.4657121285493426, 
        3.4933044804786677, 
        3.566564131211992, 
        3.7970240255905288, 
        3.8690831587078409, 
        3.8978234535731051, 
        3.9050459614757567, 
        4.0020648398535181, 
        4.0507134062491783, 
        4.0869515778877874, 
        4.1667602116208249, 
        4.1942646735245956, 
        4.2835006121320029, 
        4.355267975189606, 
        4.3822758446924617, 
        4.5218158015221706, 
        4.636458549029312, 
        4.7064079134480377, 
        4.7203426305627278, 
        4.9262825816337132, 
        5.0217304785461403, 
        5.0849881008633462, 
        5.1858179565672966, 
        5.4189192081499744, 
        5.4799622585304792, 
        5.7355323155088609, 
        5.9161988798062781, 
        5.9609059355058207
    ], 
    "time": 0.026698035714285719, 
    "est_amp": 0.96859715704125404
}