{
    "est_phnoise": 0.1942687046029585, 
    "est_phase": 0.65032227949774157, 
    "Pz": [
        0.57754711043359486, 
        0.67719612789412842, 
        0.6097566566999667, 
        0.39245838275761791, 
        0.33679951619539727, 
        0.56546664765360577, 
        0.52574559689196287, 
        0.40700845538518565, 
        0.03541053570992423, 
        -0.25389190681981255, 
        0.013840406851637352, 
        0.024804722134965495, 
        -0.39444479451277403, 
        0.069126904732656536, 
        -0.24740242818031091, 
        0.039193598078691237, 
        -0.29359209706582384, 
        -0.40453991107056775, 
        -0.44870429235625447, 
        -0.28483767885857958, 
        -0.50112941038088976, 
        -0.40991588102293841, 
        -0.44905518576164527, 
        -0.57230880965257536, 
        -0.35384952208350262, 
        -0.61251177279401947, 
        -0.68362621021731385, 
        -0.69518799573900025, 
        -0.68365770086245958, 
        -0.70156825536578438, 
        -0.67110808221827423, 
        -0.67076090121181009, 
        -0.52571060858754848, 
        -0.50083578824140229, 
        -0.46803287832048268, 
        -0.655026940561386, 
        -0.55872320844636925, 
        -0.20230401130670947, 
        -0.25538589438572229, 
        -0.11582264689575184, 
        -0.011453576782525858, 
        -0.12967592076261347, 
        -0.013559771586149865, 
        -0.2073996960162641, 
        -0.14379997979943668, 
        0.17642896558574031, 
        0.15212836630416618, 
        0.31250708243984276, 
        0.32057674489963922, 
        0.25037818374074078, 
        0.52619072704310454, 
        0.66040100358423626, 
        0.49926552640331645, 
        0.6899437341576885, 
        0.70684303133742732, 
        0.65130785914578204, 
        0.68939375726963403, 
        0.61915632139495735, 
        0.70408308433810929, 
        0.66288619803268001, 
        0.61352297452066851, 
        0.69884202095721726, 
        0.66349065170767629, 
        0.49939032364651431
    ], 
    "phis": [
        0.0022160357483889293, 
        0.11384767797584958, 
        0.16712694298634911, 
        0.28150996624926539, 
        0.29980155470560355, 
        0.30286484521910267, 
        0.37178388686139135, 
        0.47702014889977218, 
        0.77850217700679991, 
        0.839773739079965, 
        0.88817000898543685, 
        0.93685476241544619, 
        1.0155128515268135, 
        1.0834427035767635, 
        1.0847956861581571, 
        1.1497024197788621, 
        1.2079599756417319, 
        1.4077447296812517, 
        1.5035833143361055, 
        1.5283748043467158, 
        1.5312222306366594, 
        1.7668367500353397, 
        1.8163462099522338, 
        1.8210251929464893, 
        1.8214551116843432, 
        2.1206986685166589, 
        2.4503094556115195, 
        2.4624419220881415, 
        2.6084054754899602, 
        2.6592069540427969, 
        2.6818188823138729, 
        2.7853898131817316, 
        3.1348019157527682, 
        3.1842347920394518, 
        3.2621708492714028, 
        3.3045070707244562, 
        3.3246996376299593, 
        3.3638094189365262, 
        3.751800108038172, 
        3.7903766888221448, 
        3.8399541542597637, 
        3.8766860208889531, 
        3.8853839265373273, 
        3.9291914732892703, 
        4.0547447638036305, 
        4.1758183073097266, 
        4.2328562280761197, 
        4.4766341126078615, 
        4.5744549829371719, 
        4.6824695096260127, 
        4.7872326419920377, 
        5.1796323429708275, 
        5.2012225274648101, 
        5.2749770001197493, 
        5.4973594595742048, 
        5.6241247782149211, 
        5.6748612075306433, 
        5.7030832101326228, 
        5.7159033785048718, 
        5.7929239562938841, 
        5.8011668926921631, 
        5.8880627911341117, 
        6.0274846518619452, 
        6.2474554969157783
    ], 
    "time": 0.4556980357142858, 
    "est_amp": 0.68733013639755425
}