{"deltas_mean": [0.011993442553801081, 0.012606241448522404, 0.014446078462812206, 0.01750903173325291, 0.02178308654901251, 0.027248200489368823, 0.03387642083057951, 0.04163205340989373, 0.05047188176831874, 0.060345435021929905, 0.07119530256854567, 0.0829574934042765, 0.0955618375031948, 0.10893242641311618, 0.12298808994955168, 0.13764290561362813, 0.1528067371060824, 0.1683857981619159, 0.18428323767925203, 0.20039974203449518, 0.2166341503358451, 0.23288407826839164, 0.2490465461593261, 0.2650186068512612, 0.2806979689980138, 0.2959836114269665, 0.3107763843043485, 0.32497959294319134, 0.33849956021394867, 0.3512461637267137, 0.36313334409567855, 0.3740795808830901, 0.38400833299368786, 0.39284844063627933, 0.4005344862134361, 0.4070071118140919, 0.4122132913318808, 0.41610655558266085, 0.4186471690818414, 0.41980225759085776, 0.41954588587279096, 0.4178590854313473, 0.4147298324573532, 0.4101529765068781, 0.4041301208454935, 0.3966694557274688, 0.38778554623745976, 0.3774990766462736, 0.3658365535662709, 0.3528299704882216], "deltas_a": [0.0, 0.0006243874153084583, 0.0024933260563329007, 0.0055941729233257576, 0.009905948866575809, 0.015399476663000122, 0.022037572932147143, 0.029775292512881357, 0.038560223545525574, 0.048332831140944776, 0.059026847170357666, 0.0705697033802366, 0.08288300472795429, 0.09588303954810273, 0.1094813228987559, 0.12358516920332452, 0.13809829009875196, 0.1529214132261636, 0.16795291755688835, 0.18308948073629772, 0.19822673385059675, 0.21325991897850693, 0.22808454488066587, 0.24259703620481154, 0.2566953716440219, 0.2702797065781848, 0.28325297585454257, 0.29552147252080596, 0.3069953985126612, 0.31758938351511246, 0.32722296846237775, 0.33582105041208665, 0.3433142858243392, 0.3496394495924733, 0.3547397475078742, 0.3585650801932325, 0.3610722569046976, 0.36222515798067967, 0.36199484510075175, 0.36035961890922685, 0.3573050239518496, 0.3528238012673417, 0.3469157893656316, 0.33958777470846346, 0.3308532931827197, 0.32073238441963214, 0.3092513011612459, 0.29644217620638447, 0.28234264977967616, 0.2669954604564331], "deltas_err": [0.064443597047335, 0.0644736234431313, 0.06456262746235188, 0.06470875204908713, 0.06490981256373103, 0.0651633031313003, 0.0654664140616716, 0.06581606054622555, 0.0662089221680292, 0.06664149215238424, 0.06711013476849491, 0.06761114889546102, 0.06814083549738058, 0.068695566611382, 0.0692718534276344, 0.0698664111142948, 0.07047621819293125, 0.07109856848155303, 0.07173111387611418, 0.07237189652435413, 0.07301936924963828, 0.07367240340263496, 0.07433028365374691, 0.07499268958947046, 0.07565966434156425, 0.07633157085796659, 0.07700903681493902, 0.07769288956318177, 0.07838408288469044, 0.07908361769565014, 0.07979245914405587, 0.08051145279749077, 0.08124124277525899, 0.08198219473137477, 0.08273432652753814, 0.08349724924271208, 0.08427012085190377, 0.0850516144846359, 0.08583990266569329, 0.08663265837635883, 0.08742707318700188, 0.08821989213563276, 0.08900746449332918, 0.08978580909193343, 0.09055069251005275, 0.09129771812933903, 0.09202242388480199, 0.09272038643347738, 0.09338732944216802, 0.09401923373040992], "thetas": [0.0, 0.010204081632653062, 0.020408163265306124, 0.030612244897959183, 0.04081632653061225, 0.0510204081632653, 0.061224489795918366, 0.07142857142857142, 0.0816326530612245, 0.09183673469387754, 0.1020408163265306, 0.11224489795918367, 0.12244897959183673, 0.1326530612244898, 0.14285714285714285, 0.15306122448979592, 0.163265306122449, 0.17346938775510204, 0.18367346938775508, 0.19387755102040816, 0.2040816326530612, 0.21428571428571427, 0.22448979591836735, 0.2346938775510204, 0.24489795918367346, 0.25510204081632654, 0.2653061224489796, 0.2755102040816326, 0.2857142857142857, 0.29591836734693877, 0.30612244897959184, 0.3163265306122449, 0.326530612244898, 0.336734693877551, 0.3469387755102041, 0.3571428571428571, 0.36734693877551017, 0.37755102040816324, 0.3877551020408163, 0.3979591836734694, 0.4081632653061224, 0.4183673469387755, 0.42857142857142855, 0.4387755102040816, 0.4489795918367347, 0.45918367346938777, 0.4693877551020408, 0.47959183673469385, 0.4897959183673469, 0.5]}