{"deltas_mean": [-0.009150051177598595, -0.008531275967873508, -0.006678175232033734, -0.003600598252399667, 0.0006849570454221521, 0.00615540798432157, 0.012781176555218376, 0.020526304038122056, 0.02934859038108595, 0.03919975782606855, 0.05002563815431005, 0.06176638285675695, 0.07435669543015999, 0.08772608493513534, 0.10179913985018274, 0.11649582120263746, 0.13173177386817425, 0.1474186548658456, 0.1634644774179712, 0.17977396947992297, 0.19624894538430837, 0.21278868920875427, 0.22929034841985807, 0.24564933631131058, 0.26175974172356575, 0.2775147445003707, 0.29280703511737016, 0.30752923690336553, 0.3215743292657014, 0.334836070316503, 0.34720941732194266, 0.35859094337280073, 0.3688792487188688, 0.3779753652092843, 0.38578315231404847, 0.3922096832327968, 0.3971656196318478, 0.4005655735996898, 0.4023284554431852, 0.4023778060198486, 0.40064211234258007, 0.3970551052646325, 0.3915560381159513, 0.3840899452359441, 0.37460787941741946, 0.3630671273637738, 0.34943140233273384, 0.3336710132380585, 0.31576300955599557, 0.2956913014808795], "deltas_a": [0.0, 0.0006244578451135574, 0.0024944509680793203, 0.00559985123238782, 0.009923822029966, 0.01544288353807266, 0.022127003735082695, 0.02993971483283886, 0.03883825468764268, 0.048773732657998004, 0.05969131928526217, 0.0715304590837138, 0.08422510563961394, 0.09770397813486387, 0.11189083833024238, 0.12670478696618037, 0.1420605784659128, 0.15786895275692014, 0.17403698296208558, 0.19046843765216082, 0.20706415629625585, 0.2237224364972441, 0.24033943155449666, 0.2568095568573119, 0.2730259035789957, 0.2888806581138521, 0.30426552567750464, 0.31907215647505094, 0.33319257283158965, 0.34651959567577206, 0.35894726876911376, 0.3703712790819509, 0.38068937173108, 0.3898017579141584, 0.3976115143019401, 0.4040249723810936, 0.4089520962777615, 0.41230684763486014, 0.41400753616440955, 0.413977154549527, 0.41214369642915205, 0.40844045626166103, 0.40280630993120825, 0.3951859750325055, 0.3855302498456932, 0.3737962300925348, 0.3599475026482106, 0.3439543154691065, 0.32579372308587606, 0.305449707102432], "deltas_err": [0.012342286036369046, 0.012350001912976171, 0.012373142382460733, 0.012411634469867951, 0.012465323273297574, 0.012533973990466818, 0.012617274724367838, 0.012714839960776814, 0.012826214594153593, 0.01295087837096597, 0.013088250620433133, 0.013237695151087484, 0.013398525205815318, 0.013570008386264407, 0.013751371477757752, 0.013941805126352236, 0.014140468338960878, 0.01434649279444428, 0.014558986967606486, 0.014777040078810283, 0.014999725889476383, 0.015226106368298995, 0.01545523525499487, 0.015686161548277996, 0.015917932943011935, 0.01614959923860439, 0.016380215737091555, 0.016608846645363527, 0.01683456849188497, 0.017056473564278862, 0.017273673370409946, 0.01748530212222554, 0.01769052023863279, 0.017888517861128585, 0.018078518373744256, 0.018259781917088765, 0.01843160888483578, 0.018593343389845373, 0.018744376686193824, 0.018884150532637367, 0.019012160482410338, 0.019127959083683303, 0.01923115897443162, 0.019321435854822232, 0.019398531319457027, 0.019462255530850188, 0.019512489714302188, 0.019549188452796344, 0.019572381758623157, 0.019582176896065846], "thetas": [0.0, 0.01020408163265306, 0.02040816326530612, 0.030612244897959183, 0.04081632653061224, 0.0510204081632653, 0.061224489795918366, 0.07142857142857142, 0.08163265306122448, 0.09183673469387754, 0.1020408163265306, 0.11224489795918366, 0.12244897959183673, 0.13265306122448978, 0.14285714285714285, 0.1530612244897959, 0.16326530612244897, 0.17346938775510204, 0.18367346938775508, 0.19387755102040816, 0.2040816326530612, 0.21428571428571427, 0.22448979591836732, 0.2346938775510204, 0.24489795918367346, 0.25510204081632654, 0.26530612244897955, 0.2755102040816326, 0.2857142857142857, 0.29591836734693877, 0.3061224489795918, 0.31632653061224486, 0.32653061224489793, 0.336734693877551, 0.3469387755102041, 0.3571428571428571, 0.36734693877551017, 0.37755102040816324, 0.3877551020408163, 0.39795918367346933, 0.4081632653061224, 0.4183673469387755, 0.42857142857142855, 0.4387755102040816, 0.44897959183673464, 0.4591836734693877, 0.4693877551020408, 0.47959183673469385, 0.4897959183673469, 0.5]}