{
    "est_visibility": [
        0.9995394570099589, 
        0.9908402896493463, 
        0.9881816463028915, 
        0.9657164189154361, 
        0.903729732269896, 
        0.8134454492003411, 
        0.6770812808601236, 
        0.508492287697934, 
        0.38577304429173886, 
        0.3770240729703992, 
        0.39696500382089484, 
        0.41015081609555637, 
        0.4314280594525243, 
        0.3982129280667751, 
        0.3356293219284172, 
        0.3679162040208445, 
        0.4789216313491266, 
        0.6479592925626977, 
        0.8212089703764078, 
        0.9250064651623024, 
        0.9610550108224942, 
        0.9612097041392665, 
        0.9532893830438365, 
        0.9322072260475607, 
        0.8865403458276856, 
        0.8120854033948044, 
        0.7174314378302878, 
        0.6389170144932895, 
        0.5370508176879566, 
        0.384459713740253, 
        0.28028302290920276, 
        0.2997769674535683, 
        0.305111770250993, 
        0.3262525528960821, 
        0.37300817460705515, 
        0.4438612983762791, 
        0.5641262845924713, 
        0.7169945160113625, 
        0.841432462436522, 
        0.9055447828094866, 
        0.9287517067644975, 
        0.9308236573239044, 
        0.9040692260655062, 
        0.8701839842345603, 
        0.8034599300205739, 
        0.7086721577611907, 
        0.5354409857235901, 
        0.3219720110371497, 
        0.3461984248116613, 
        0.3062709379277851, 
        0.20109964672670377
    ], 
    "N1_errors": [
        50.82812689983144, 
        55.071125373563184, 
        47.77161058941557, 
        53.27738944436515, 
        44.26555601215432, 
        35.19184260416544, 
        42.394519026837926, 
        36.40788308041041, 
        35.095467313225896, 
        34.096542886523785, 
        31.353660650836026, 
        27.677580968703833, 
        24.573991444067712, 
        28.28640934310096, 
        22.421453971851594, 
        18.203227198118505, 
        23.42917356012442, 
        27.181416781474802, 
        20.401189830813138, 
        19.43196080523827, 
        26.095818364974935, 
        25.206985788711716, 
        17.243150859514106, 
        16.562669295162483, 
        23.334893918636425, 
        22.575943334642535, 
        13.208601849093524, 
        12.590478430254999, 
        15.848633075110154, 
        17.043844142903023, 
        12.869460566130348, 
        14.806210429162926, 
        13.252909655586173, 
        9.908832469947205, 
        10.058678746699469, 
        15.900851879237706, 
        12.127098217556583, 
        7.329965654252138, 
        10.544668090556838, 
        18.420102264668387, 
        15.762784311772519, 
        11.367242909339344, 
        6.884807355885224, 
        14.498660830589698, 
        16.165709089173372, 
        11.010837565968158, 
        6.188383807912504, 
        10.012408560756516, 
        9.991551867217533, 
        8.381342163077285, 
        6.422916571084867
    ], 
    "N2_errors": [
        49.969632975638305, 
        53.267483832853024, 
        49.32682748881652, 
        49.95616074875044, 
        41.07320386148023, 
        35.89436172185519, 
        40.99779361712795, 
        34.17169123525724, 
        35.41749172818008, 
        31.77611505239799, 
        27.066610884210558, 
        24.407680159046073, 
        25.04897605022165, 
        23.139845657874197, 
        19.441594298034556, 
        18.982862247918366, 
        18.206194886087044, 
        18.286223325549287, 
        17.56419955704562, 
        18.06950561318727, 
        13.208056318889458, 
        14.218098583010462, 
        13.362735070153589, 
        15.072850209442347, 
        13.903267560524279, 
        13.555536039102163, 
        12.318977313258406, 
        11.186728445651893, 
        9.477604224375817, 
        11.057541701741638, 
        10.404502979523501, 
        10.036798649868446, 
        9.025011084466389, 
        6.955843058301387, 
        8.2325300045753, 
        8.40442297992214, 
        6.928186400365144, 
        5.998034988112678, 
        6.548199348740537, 
        6.6166721318892705, 
        6.75046168070024, 
        6.720090170042356, 
        7.935663388213753, 
        6.051636116131131, 
        6.396812711420014, 
        5.115285477829299, 
        6.455412448064362, 
        5.2059728221850845, 
        5.197589088152758, 
        4.920678685439613, 
        5.210471645366436
    ], 
    "visibility": [
        0.9999832945440286, 
        0.9909832476753868, 
        0.9884569579203122, 
        0.9663692849380512, 
        0.9043760974776868, 
        0.8143073416938237, 
        0.6778632650751039, 
        0.5088549435739502, 
        0.3858521250284218, 
        0.37757010188240964, 
        0.397650320630861, 
        0.4103915775525455, 
        0.43234589751325236, 
        0.3984376215734153, 
        0.33776373500627993, 
        0.3699459439911994, 
        0.48184239941380586, 
        0.6524735624285948, 
        0.8270081929806057, 
        0.9300159268536173, 
        0.9673529493964677, 
        0.9691725921661386, 
        0.9597981145001313, 
        0.9395551917444457, 
        0.8943489777272136, 
        0.8188632991559149, 
        0.722384882488468, 
        0.6455588802589204, 
        0.5410560611429324, 
        0.389393872580285, 
        0.28277280446082353, 
        0.30493753040880606, 
        0.309716158273764, 
        0.33275949611629263, 
        0.3796819777409925, 
        0.4556769902657829, 
        0.5793546705378638, 
        0.7344674773740568, 
        0.8601197009666577, 
        0.9290757921898356, 
        0.9514267407474976, 
        0.9482371327561288, 
        0.9246269672607863, 
        0.8890006501948626, 
        0.8272992025252152, 
        0.7257679067990287, 
        0.5506360565321617, 
        0.33265889624373385, 
        0.3560814952871368, 
        0.3181169254650187, 
        0.21223388692088682
    ], 
    "times": [
        0.0, 
        0.036000000000000004, 
        0.07200000000000001, 
        0.10800000000000001, 
        0.14400000000000002, 
        0.18000000000000002, 
        0.21600000000000003, 
        0.252, 
        0.28800000000000003, 
        0.32400000000000007, 
        0.36000000000000004, 
        0.396, 
        0.43200000000000005, 
        0.4680000000000001, 
        0.504, 
        0.54, 
        0.5760000000000001, 
        0.6120000000000001, 
        0.6480000000000001, 
        0.684, 
        0.7200000000000001, 
        0.7560000000000001, 
        0.792, 
        0.8280000000000001, 
        0.8640000000000001, 
        0.9000000000000001, 
        0.9360000000000002, 
        0.9720000000000001, 
        1.008, 
        1.044, 
        1.08, 
        1.116, 
        1.1520000000000001, 
        1.1880000000000002, 
        1.2240000000000002, 
        1.2600000000000002, 
        1.2960000000000003, 
        1.332, 
        1.368, 
        1.4040000000000001, 
        1.4400000000000002, 
        1.4760000000000002, 
        1.5120000000000002, 
        1.5480000000000003, 
        1.584, 
        1.62, 
        1.6560000000000001, 
        1.6920000000000002, 
        1.7280000000000002, 
        1.7640000000000002, 
        1.8000000000000003
    ],