{
    "est_visibility": [], 
    "N1_errors": [
        15.193141070882342, 
        13.505619981196423, 
        12.481876829171357, 
        11.499117989164438, 
        11.03989099659095, 
        9.887589101208881, 
        8.797463833097366, 
        7.671824435764701, 
        6.980709613979931, 
        6.189322567883862, 
        6.029201548071929, 
        4.9424624129662185, 
        4.726387791025363, 
        4.79242806755544, 
        4.360774006582424, 
        4.334025115849534, 
        4.735350823467015, 
        4.188804917083338, 
        4.398392338183508, 
        4.094442071898624, 
        3.4433660850745706, 
        3.6073484044588473, 
        3.2160872043020636, 
        3.3363352403747344, 
        3.1542718505187395, 
        3.0631602759356733, 
        3.1268605319313454, 
        2.6714378334340565, 
        2.505867623716835, 
        2.908377879609591, 
        3.0354636644220756, 
        2.680193646598813, 
        2.674745342696969, 
        2.5171199645610525, 
        2.660108533879219, 
        2.8059874536410736, 
        2.578562530449301, 
        2.4536565741395764, 
        2.494209505097176, 
        2.486696012590632, 
        2.3020634332372727, 
        2.0628453309002075, 
        2.3103230839317326, 
        2.3993002532814396, 
        2.5670434927174752, 
        2.5780155676329453, 
        2.5949799840030106, 
        2.650077163204458, 
        2.473999963133327, 
        2.558057670620455, 
        2.5131239945589945
    ], 
    "N2_errors": [
        14.155666582750305, 
        12.087720614655007, 
        11.15319616050908, 
        11.180421861979037, 
        10.84398569762857, 
        9.877040440208239, 
        8.077558918315264, 
        8.3237020665053, 
        7.637629675057021, 
        6.450566368535367, 
        5.795711006673044, 
        5.721263917246527, 
        5.958894037494339, 
        4.715431166481659, 
        5.559558928784626, 
        5.090981396510762, 
        4.700376166741468, 
        3.8363177190988638, 
        4.738597002731737, 
        4.257937990729741, 
        4.961602553369897, 
        4.289394838071398, 
        4.2794742043284355, 
        4.261348246782475, 
        3.7304410891040143, 
        4.177819811078923, 
        3.7021346752024575, 
        3.8130665522227827, 
        3.2893567120167355, 
        3.5369260452300573, 
        4.166573151066372, 
        4.118763800072993, 
        3.5115984733582315, 
        3.8200583578803378, 
        3.5290096576529772, 
        3.248699293580309, 
        3.2642793971918413, 
        3.3816410629659677, 
        3.0608336986795153, 
        3.1301359936767055, 
        3.360250695019779, 
        3.6937817434075995, 
        3.44985224268151, 
        3.432826888978299, 
        3.647841563338695, 
        3.3545361513083356, 
        3.2811782291433835, 
        3.0966016261158105, 
        3.498613066358457, 
        3.364602670507034, 
        3.5943403738958293
    ], 
    "visibility": [
        1.0000325806172639, 
        0.992355625187584, 
        0.9449507365030153, 
        0.8137603762582378, 
        0.569835918828615, 
        0.3669664562795086, 
        0.3967747568912404, 
        0.4230671588444946, 
        0.370490419026512, 
        0.36292954086614426, 
        0.5893690469317747, 
        0.8633365940555371, 
        0.9577242545665641, 
        0.9543159807857182, 
        0.9169461674224464, 
        0.8050984876969605, 
        0.6569347999817715, 
        0.4785142732572803, 
        0.28191968795931643, 
        0.29640453480940027, 
        0.3407308370204676, 
        0.44934108366342457, 
        0.6788298115736014, 
        0.8701285468417954, 
        0.9248989407575327, 
        0.9061045972820747, 
        0.8419321492966333, 
        0.6868553654148977, 
        0.3738645547419635, 
        0.35959736683938026, 
        0.1920071157225124, 
        0.22161989099259416, 
        0.33515274424851227, 
        0.6500186638174283, 
        0.8375647840941839, 
        0.89686585788945, 
        0.8939528579603156, 
        0.7998283480929489, 
        0.5355567438300279, 
        0.46828790388869984, 
        0.24706682300518615, 
        0.0726702427811973, 
        0.17616806015758887, 
        0.4321498125459001, 
        0.599021386862142, 
        0.7981619374508557, 
        0.8588384184423519, 
        0.8124428914760365, 
        0.6672617970876006, 
        0.5814356168496666, 
        0.38171491533492324
    ], 
    "times": [
        0.0, 
        0.06, 
        0.12, 
        0.18, 
        0.24, 
        0.3, 
        0.36, 
        0.42, 
        0.48, 
        0.54, 
        0.6, 
        0.6599999999999999, 
        0.72, 
        0.78, 
        0.84, 
        0.8999999999999999, 
        0.96, 
        1.02, 
        1.08, 
        1.14, 
        1.2, 
        1.26, 
        1.3199999999999998, 
        1.38, 
        1.44, 
        1.5, 
        1.56, 
        1.6199999999999999, 
        1.68, 
        1.74, 
        1.7999999999999998, 
        1.8599999999999999, 
        1.92, 
        1.98, 
        2.04, 
        2.1, 
        2.16, 
        2.2199999999999998, 
        2.28, 
        2.34, 
        2.4, 
        2.46, 
        2.52, 
        2.58, 
        2.6399999999999997, 
        2.6999999999999997, 
        2.76, 
        2.82, 
        2.88, 
        2.94, 
        3.0
    ], 
    "est_phnoises": [], 
    "N1": [
        27519.93220145904, 
        25502.508266799894, 
        23634.316359171713, 
        21959.567991562857, 
        20390.389903936823, 
        18705.31132410139, 
        16961.86273666493, 
        15337.815405724741, 
        14071.424617491864, 
        13119.495088951808, 
        12390.130286598604, 
        11770.365016357458, 
        11183.459174086775, 
        10616.718123068822, 
        10061.000307181263, 
        9550.223042381525, 
        9099.965260409366, 
        8652.319132979528, 
        8124.486454555935, 
        7544.296329672087, 
        7070.029735467103, 
        6733.954090203355, 
        6446.158741331608, 
        6168.81360953785, 
        5908.264444240298, 
        5648.264175169427, 
        5394.22900038687, 
        5188.238273777056, 
        5006.447987007214, 
        4806.18635733537, 
        4543.480491236054, 
        4312.31262332501, 
        4127.079348853797, 
        3970.900291994747, 
        3815.8639629889567, 
        3664.5026211178842, 
        3518.3458974459427, 
        3382.9786439639915, 
        3272.0972370239383, 
        3180.1663047134734, 
        3067.7322708724, 
        2939.491260433795, 
        2812.654231555132, 
        2700.903714255418, 
        2604.018939168051, 
        2495.90083414982, 
        2400.812970194421, 
        2316.7708816544327, 
        2238.4076476371984, 
        2181.1997293715613, 
        2120.1220663746926
    ],