{
    "est_visibility": [], 
    "N1_errors": [
        19.191276724636154, 
        18.24459153631769, 
        17.288213882501026, 
        17.343048303346055, 
        17.464916989918134, 
        17.610362132722578, 
        14.768301331581867, 
        13.166737904267006, 
        14.250544085682833, 
        11.270222181258413, 
        12.423974843436705, 
        10.112494956325015, 
        9.541032898574619, 
        10.011735882672392, 
        8.518244002187926, 
        7.172356529582821, 
        7.157298241025007, 
        6.774267877164109, 
        6.995132861997612, 
        6.578244141685705, 
        7.143553265571571, 
        6.3346119037658495, 
        7.930380521699265, 
        6.708261517663467, 
        7.1288740250688765, 
        5.788745114074897, 
        5.890424397507952, 
        5.174964729376137, 
        5.927227916563244, 
        5.490016188658478, 
        5.770095144040936, 
        5.8758874269725965, 
        4.972862234578842, 
        4.85432406254937, 
        4.311177957462453, 
        4.86149306809583, 
        4.56178360674248, 
        4.646894280228818, 
        4.179639267675211, 
        3.6530745854251596, 
        4.323111119884887, 
        3.9035694238090564, 
        3.569953779292337, 
        3.263015955369791, 
        3.5938365067320577, 
        3.9804799493799, 
        4.2399896768509855, 
        4.015887709444745, 
        3.4416873952082114, 
        4.053958859747404, 
        3.4563568807763154
    ], 
    "N2_errors": [
        19.49312945600181, 
        17.169298153629832, 
        18.735703901314295, 
        16.343347023281304, 
        17.8024274669695, 
        16.338723128825137, 
        14.608130714367494, 
        13.327108887949038, 
        15.079599274157792, 
        11.78386231788773, 
        12.562350102558534, 
        10.91076755674839, 
        11.637362539931129, 
        10.034231736491824, 
        9.146189268835759, 
        9.025584589017587, 
        9.114556449434517, 
        7.146638161004202, 
        8.112595621648522, 
        7.484565112013179, 
        7.210650041879737, 
        7.274055852952805, 
        6.957697595775911, 
        7.132697279103449, 
        4.933689394641487, 
        5.858894267583553, 
        6.166324782099123, 
        6.231802534984744, 
        5.240509483495332, 
        5.753777493846735, 
        6.202547304028341, 
        6.159166092676247, 
        5.616982633831454, 
        5.026207753898188, 
        5.104524506993038, 
        5.825180397639704, 
        4.960507819846545, 
        5.644313989184088, 
        4.824773849020358, 
        4.55040738453156, 
        4.845206577465538, 
        4.136858515570891, 
        5.242597897649581, 
        5.3519818513410184, 
        5.089017169049884, 
        4.2271560121070175, 
        4.22909541612365, 
        5.287717229575762, 
        4.10726197072068, 
        4.044780040477768, 
        5.581917016070974
    ], 
    "visibility": [
        0.9998441173780108, 
        0.9914537663273018, 
        0.98900889631414, 
        0.96661003826565, 
        0.9046122147561867, 
        0.8136523425720603, 
        0.6781269408846496, 
        0.5087538895438977, 
        0.3869476403168294, 
        0.37608181147360636, 
        0.3964455666842607, 
        0.41027393781382765, 
        0.4326449629810682, 
        0.3967328513093981, 
        0.335285484100776, 
        0.364773371811322, 
        0.48004381924138895, 
        0.6531658299513845, 
        0.8272115323437427, 
        0.9314332009577453, 
        0.9673586750963864, 
        0.9708544256247964, 
        0.9619095440801714, 
        0.9398964391940734, 
        0.8974960693320738, 
        0.8191274038346297, 
        0.7283833397832572, 
        0.6408551045445268, 
        0.5392963370737522, 
        0.3911500028338156, 
        0.2843148146074968, 
        0.30306187038826027, 
        0.30298399191119824, 
        0.33803876875570765, 
        0.38212098687968477, 
        0.4555270759042883, 
        0.5800687639937114, 
        0.7349972820651054, 
        0.8575501994167092, 
        0.9328863641038745, 
        0.9531591584291549, 
        0.950558346437711, 
        0.9243970173152066, 
        0.8836518178036601, 
        0.8253949908397699, 
        0.7227892622790962, 
        0.556746393927018, 
        0.33253420133107137, 
        0.3556549802755795, 
        0.32236826896603854, 
        0.21212296334614691
    ], 
    "times": [
        0.0, 
        0.036000000000000004, 
        0.07200000000000001, 
        0.10800000000000001, 
        0.14400000000000002, 
        0.18000000000000002, 
        0.21600000000000003, 
        0.252, 
        0.28800000000000003, 
        0.32400000000000007, 
        0.36000000000000004, 
        0.396, 
        0.43200000000000005, 
        0.4680000000000001, 
        0.504, 
        0.54, 
        0.5760000000000001, 
        0.6120000000000001, 
        0.6480000000000001, 
        0.684, 
        0.7200000000000001, 
        0.7560000000000001, 
        0.792, 
        0.8280000000000001, 
        0.8640000000000001, 
        0.9000000000000001, 
        0.9360000000000002, 
        0.9720000000000001, 
        1.008, 
        1.044, 
        1.08, 
        1.116, 
        1.1520000000000001, 
        1.1880000000000002, 
        1.2240000000000002, 
        1.2600000000000002, 
        1.2960000000000003, 
        1.332, 
        1.368, 
        1.4040000000000001, 
        1.4400000000000002, 
        1.4760000000000002, 
        1.5120000000000002, 
        1.5480000000000003, 
        1.584, 
        1.62, 
        1.6560000000000001, 
        1.6920000000000002, 
        1.7280000000000002, 
        1.7640000000000002, 
        1.8000000000000003
    ], 
    "est_phnoises": [
        0.004409704836470831, 
        0.0047635385146923845, 
        0.005097898428914315, 
        0.004370967812067524, 
        0.005290207104724275, 
        0.005913282096338684, 
        0.007914983458407293, 
        0.009932200506589736, 
        0.014381547963755889, 
        0.01287720843510707, 
        0.014123417555294514, 
        0.015483988693622483, 
        0.01788081078728368, 
        0.02005300507093462, 
        0.0211036024125201, 
        0.018893059574168803, 
        0.0241449417565332, 
        0.022658485759834868, 
        0.02756390002516548, 
        0.024680791532235773, 
        0.026493997526648168, 
        0.022877001025190455, 
        0.026574488057615694, 
        0.02816121193509191, 
        0.03317238113915586, 
        0.03489343941714478, 
        0.03780996550486254, 
        0.04044637613944194, 
        0.05270362154252163, 
        0.0588201258554892, 
        0.07978883338124823, 
        0.060654189958302074, 
        0.07504373186472026, 
        0.06591061747841802, 
        0.0673492602261046, 
        0.07271411375605538, 
        0.06549950344788694, 
        0.07759534147812953, 
        0.06087531875058417, 
        0.05207448113116484, 
        0.05229803966402078, 
        0.06181277006193347, 
        0.06817598547986176, 
        0.07088921683860257, 
        0.07964912631871784, 
        0.06634728061610504, 
        0.08157665745522574, 
        0.12814337937706657, 
        0.14544631268793662, 
        0.15275502110879366, 
        0.16782577968567505
    ],