{
    "est_visibility": [], 
    "N1_errors": [
        0.0, 
        0.0, 
        0.0, 
        0.0, 
        0.0, 
        0.0, 
        0.0, 
        0.0, 
        0.0, 
        0.0, 
        0.0, 
        0.0, 
        0.0, 
        0.0, 
        0.0, 
        0.0, 
        0.0, 
        0.0, 
        0.0, 
        0.0, 
        0.0, 
        0.0, 
        0.0, 
        0.0, 
        0.0, 
        0.0, 
        0.0, 
        0.0, 
        0.0, 
        0.0, 
        0.0, 
        0.0, 
        0.0, 
        0.0, 
        0.0, 
        0.0, 
        0.0, 
        0.0, 
        0.0, 
        0.0, 
        0.0
    ], 
    "N2_errors": [
        0.0, 
        0.0, 
        0.0, 
        0.0, 
        0.0, 
        0.0, 
        0.0, 
        0.0, 
        0.0, 
        0.0, 
        0.0, 
        0.0, 
        0.0, 
        0.0, 
        0.0, 
        0.0, 
        0.0, 
        0.0, 
        0.0, 
        0.0, 
        0.0, 
        0.0, 
        0.0, 
        0.0, 
        0.0, 
        0.0, 
        0.0, 
        0.0, 
        0.0, 
        0.0, 
        0.0, 
        0.0, 
        0.0, 
        0.0, 
        0.0, 
        0.0, 
        0.0, 
        0.0, 
        0.0, 
        0.0, 
        0.0
    ], 
    "visibility": [
        0.9999999999999999, 
        0.9431129019662853, 
        0.522914416936038, 
        0.40269158169924, 
        0.3522574479714507, 
        0.7023159218588862, 
        0.9921464495053636, 
        0.9186964295994906, 
        0.621155144023543, 
        0.32059333109586396, 
        0.4253420140945273, 
        0.8435055715601424, 
        0.9790001063070923, 
        0.80423025693632, 
        0.2927342749967868, 
        0.3014097556470897, 
        0.6158309613145373, 
        0.9822270977509387, 
        0.88375641813369, 
        0.43943204609693975, 
        0.06774704117049254, 
        0.39246288447228866, 
        0.9572956916643091, 
        0.9241487069771266, 
        0.554061009422165, 
        0.09067866420518438, 
        0.3890002371409701, 
        0.8418422538311165, 
        0.8826514608732868, 
        0.5482121124413813, 
        0.16696140869074372, 
        0.4381863660110272, 
        0.8539443586812588, 
        0.8703499969236355, 
        0.6833438732225885, 
        0.16931337023553863, 
        0.48475397090342026, 
        0.7896728209711065, 
        0.9192146641849475, 
        0.6691964836701023, 
        0.3056584656719009
    ], 
    "times": [
        0.0, 
        0.125, 
        0.25, 
        0.375, 
        0.5, 
        0.625, 
        0.75, 
        0.875, 
        1.0, 
        1.125, 
        1.25, 
        1.375, 
        1.5, 
        1.625, 
        1.75, 
        1.875, 
        2.0, 
        2.125, 
        2.25, 
        2.375, 
        2.5, 
        2.625, 
        2.75, 
        2.875, 
        3.0, 
        3.125, 
        3.25, 
        3.375, 
        3.5, 
        3.625, 
        3.75, 
        3.875, 
        4.0, 
        4.125, 
        4.25, 
        4.375, 
        4.5, 
        4.625, 
        4.75, 
        4.875, 
        5.0
    ], 
    "est_phnoises": [], 
    "N1": [
        27500.000000041095, 
        23771.088891734795, 
        20607.763681471028, 
        17181.622245483595, 
        14347.655570377636, 
        12787.418795023343, 
        11616.581120238694, 
        10508.791886588588, 
        9600.898618972575, 
        8518.573545245867, 
        7490.833211580019, 
        6906.617017719982, 
        6395.231261783549, 
        5884.068001572736, 
        5523.821134864027, 
        4953.36671146124, 
        4586.27896884746, 
        4284.087262239487, 
        3976.121797317418, 
        3780.6737307726353, 
        3500.4522513425595, 
        3255.495862823456, 
        3049.5191075277953, 
        2854.14364119123, 
        2727.739761771194, 
        2583.419066314652, 
        2413.8702815542456, 
        2269.1937679026187, 
        2137.1048795207726, 
        2051.0076027787527, 
        1969.484568324412, 
        1854.7608176779306, 
        1748.1019585770182, 
        1650.2636267414528, 
        1590.7330184650054, 
        1539.9985562195936, 
        1461.340567212901, 
        1379.0786320341317, 
        1303.025002799054, 
        1259.694926756097, 
        1230.9171958120564
    ], 
    "N2": [
        27500.000000041087, 
        23940.304005824786, 
        20593.847506852144, 
        17373.167596301217, 
        14861.758708549549, 
        13045.54311095654, 
        11513.144840612513, 
        10592.74719767208, 
        9795.37816074859, 
        8552.132747873467, 
        7701.805592791753, 
        7053.48282629107, 
        6353.952089269732, 
        6118.211724731088, 
        5607.8117454855, 
        5050.590919957695, 
        4779.949501442207, 
        4395.575854027903, 
        4194.241309152088, 
        3922.5885285501727, 
        3511.701854136926, 
        3365.999454360952, 
        3257.377920252992, 
        3099.0833658541846, 
        2915.6770201916106, 
        2613.0826244326863, 
        2559.9725556477856, 
        2511.5741269501677, 
        2398.040833320037, 
        2243.7750128175353, 
        2034.4946377339772, 
        1996.6906248344308, 
        1969.8584892011806, 
        1901.7307033158463, 
        1787.0643493800012, 
        1652.2024653290596, 
        1610.9169702909815, 
        1604.7816116272438, 
        1558.8709984012348, 
        1472.056239806972, 
        1350.3763728825647
    ], 
    "visibility_errors": [
        0.0, 
        0.0, 
        0.0, 
        0.0, 
        0.0, 
        0.0, 
        0.0, 
        0.0, 
        0.0, 
        0.0, 
        0.0, 
        0.0, 
        0.0, 
        0.0, 
        0.0, 
        0.0, 
        0.0, 
        0.0, 
        0.0, 
        0.0, 
        0.0, 
        0.0, 
        0.0, 
        0.0, 
        0.0, 
        0.0, 
        0.0, 
        0.0, 
        0.0, 
        0.0, 
        0.0, 
        0.0, 
        0.0, 
        0.0, 
        0.0, 
        0.0, 
        0.0, 
        0.0, 
        0.0, 
        0.0, 
        0.0
    ]
}