{
    "est_visibility": [
        0.9996702712975553, 
        0.9922521127990025, 
        0.9441368506130565, 
        0.8129309757959924, 
        0.5694944737160015, 
        0.36839360281745936, 
        0.39520009343395573, 
        0.4243666013161493, 
        0.3654478631654817, 
        0.3647233591146146, 
        0.5848885206667263, 
        0.8597666029449161, 
        0.95323515988219, 
        0.9504920088187886, 
        0.9088392234098542, 
        0.8001747821195277, 
        0.65384393745042, 
        0.4739622179043014, 
        0.2770414272236781, 
        0.2912718670681446, 
        0.33025583459894203, 
        0.4368746343467954, 
        0.6586459046150369, 
        0.847904063220882, 
        0.9023764340398479, 
        0.8842403486482421, 
        0.8232389240346644, 
        0.6702294361891509, 
        0.3604008502310243, 
        0.3431673471575636, 
        0.18697963840815335, 
        0.20682917216711882, 
        0.31615641686506, 
        0.600059357679346, 
        0.7869881588453829, 
        0.8460156264795061, 
        0.8442772209232356, 
        0.7533149581876083, 
        0.4979161287719531, 
        0.44520881984867405, 
        0.22363452078355067, 
        0.04305096844947228, 
        0.14661951978424015, 
        0.37927434022998646, 
        0.5344769831834505, 
        0.7218999898396454, 
        0.7805752216343418, 
        0.7248240472418294, 
        0.6040412732980298, 
        0.5116369451518721, 
        0.32166274768223435
    ], 
    "N1_errors": [
        46.63456400559531, 
        45.83874955170436, 
        55.05539071142445, 
        32.46102347578943, 
        37.56997900805282, 
        30.04327343152687, 
        31.912022719799953, 
        24.212867344686973, 
        26.054397574348755, 
        18.692786973834874, 
        30.336822137578356, 
        17.6881020010737, 
        30.71407022352694, 
        26.110654701059445, 
        19.138578759176028, 
        23.497812482238007, 
        12.210188406181869, 
        17.10594367088365, 
        10.36074502070031, 
        14.92932961980389, 
        8.922908977551595, 
        13.383874351348116, 
        10.703079448399105, 
        14.555367705677183, 
        18.39049381487935, 
        6.847860402901208, 
        13.39383591714236, 
        10.962885162448414, 
        7.841396382212877, 
        9.560820786547838, 
        6.625745292551212, 
        9.490870101141248, 
        5.588617389575294, 
        11.192488835449428, 
        9.82732266844455, 
        7.478416682127557, 
        12.002291389907391, 
        6.250308644010593, 
        7.232442381502438, 
        7.949696719548234, 
        4.320707923454111, 
        7.740068350579819, 
        4.748149720198793, 
        8.18858834315572, 
        7.615570278976713, 
        4.659228814047641, 
        10.540459799486978, 
        7.108653270750768, 
        4.837716196987867, 
        6.897550182536664, 
        3.9460348167728014
    ], 
    "N2_errors": [
        48.77908548319891, 
        45.556079016176234, 
        47.56648465136893, 
        34.36582943338434, 
        35.87406809715238, 
        32.00939480823194, 
        26.089350568445635, 
        23.60400432578149, 
        20.687726798400913, 
        17.992935889784114, 
        19.459216242286438, 
        15.997937143522632, 
        16.4123808458235, 
        16.546359654299113, 
        12.987311305506232, 
        13.095050668775542, 
        11.635384638692482, 
        10.03192573149509, 
        9.913825696710164, 
        9.354293711277274, 
        7.647446999671592, 
        8.213787018160788, 
        7.506781498135487, 
        6.597835692430188, 
        6.991074883899325, 
        7.116435233406311, 
        6.800245095118858, 
        5.49974402891452, 
        5.490586938858114, 
        5.160824854091928, 
        5.222914685618944, 
        6.878434273748214, 
        6.208371183039363, 
        4.515448019977316, 
        4.536871554949655, 
        4.284957487393432, 
        4.37968420648064, 
        4.177606376476274, 
        4.126917225540864, 
        4.378162666936101, 
        4.2803048919966145, 
        4.286872803900042, 
        4.725427324250898, 
        3.670788859494098, 
        4.159442247973844, 
        3.5030146945418217, 
        3.2012612864932257, 
        3.3910636486872305, 
        3.5214793627371628, 
        3.6064325525556264, 
        3.571189723131821
    ], 
    "visibility": [
        1.0000478768626488, 
        0.9920247790361437, 
        0.944902105405304, 
        0.8129988836145452, 
        0.5700618499426706, 
        0.36825013245161714, 
        0.39564976515509753, 
        0.4250689409366523, 
        0.3682547840037649, 
        0.3653444963361711, 
        0.5884028480424061, 
        0.8639827571511234, 
        0.9570826881552492, 
        0.9533549249646981, 
        0.9149939136252135, 
        0.806714213774021, 
        0.6588248751034818, 
        0.4787134088100242, 
        0.28079207143739315, 
        0.2940011343606026, 
        0.3408556759922335, 
        0.44807569187104146, 
        0.6772452136796095, 
        0.8680763503462745, 
        0.9246980886511801, 
        0.9049188742019108, 
        0.8390899596616784, 
        0.6887775293822189, 
        0.37278780490102437, 
        0.35992437667506605, 
        0.197638501816145, 
        0.22464074226233155, 
        0.33805773102774067, 
        0.6438299124310165, 
        0.8369987458968299, 
        0.8947181118222717, 
        0.8869462277845894, 
        0.7921817980917455, 
        0.5273627725321245, 
        0.47482914656267594, 
        0.24417772832399418, 
        0.07012568709621435, 
        0.1712354141132694, 
        0.4315620932675536, 
        0.6032230105848864, 
        0.7977028158152535, 
        0.8578023758855442, 
        0.8113572443043402, 
        0.6657066352350713, 
        0.5738844086712276, 
        0.3734293020680927
    ], 
    "times": [
        0.0, 
        0.06, 
        0.12, 
        0.18, 
        0.24, 
        0.3, 
        0.36, 
        0.42, 
        0.48, 
        0.54, 
        0.6, 
        0.6599999999999999, 
        0.72, 
        0.78, 
        0.84, 
        0.8999999999999999, 
        0.96, 
        1.02, 
        1.08, 
        1.14, 
        1.2, 
        1.26, 
        1.3199999999999998, 
        1.38, 
        1.44, 
        1.5, 
        1.56, 
        1.6199999999999999, 
        1.68, 
        1.74, 
        1.7999999999999998, 
        1.8599999999999999, 
        1.92, 
        1.98, 
        2.04, 
        2.1, 
        2.16, 
        2.2199999999999998, 
        2.28, 
        2.34, 
        2.4, 
        2.46, 
        2.52, 
        2.58, 
        2.6399999999999997, 
        2.6999999999999997, 
        2.76, 
        2.82, 
        2.88, 
        2.94, 
        3.0
    ],