{
    "est_visibility": [], 
    "N1_errors": [
        0.0, 
        0.0, 
        0.0, 
        0.0, 
        0.0, 
        0.0, 
        0.0, 
        0.0, 
        0.0, 
        0.0, 
        0.0, 
        0.0, 
        0.0, 
        0.0, 
        0.0, 
        0.0, 
        0.0, 
        0.0, 
        0.0, 
        0.0, 
        0.0, 
        0.0, 
        0.0, 
        0.0, 
        0.0, 
        0.0, 
        0.0, 
        0.0, 
        0.0, 
        0.0, 
        0.0, 
        0.0, 
        0.0, 
        0.0, 
        0.0, 
        0.0, 
        0.0, 
        0.0, 
        0.0, 
        0.0, 
        0.0, 
        0.0, 
        0.0, 
        0.0, 
        0.0, 
        0.0, 
        0.0, 
        0.0, 
        0.0, 
        0.0, 
        0.0
    ], 
    "N2_errors": [
        0.0, 
        0.0, 
        0.0, 
        0.0, 
        0.0, 
        0.0, 
        0.0, 
        0.0, 
        0.0, 
        0.0, 
        0.0, 
        0.0, 
        0.0, 
        0.0, 
        0.0, 
        0.0, 
        0.0, 
        0.0, 
        0.0, 
        0.0, 
        0.0, 
        0.0, 
        0.0, 
        0.0, 
        0.0, 
        0.0, 
        0.0, 
        0.0, 
        0.0, 
        0.0, 
        0.0, 
        0.0, 
        0.0, 
        0.0, 
        0.0, 
        0.0, 
        0.0, 
        0.0, 
        0.0, 
        0.0, 
        0.0, 
        0.0, 
        0.0, 
        0.0, 
        0.0, 
        0.0, 
        0.0, 
        0.0, 
        0.0, 
        0.0, 
        0.0
    ], 
    "visibility": [
        0.9999999999999999, 
        0.9903853227427248, 
        0.9872791953745165, 
        0.9657767333655183, 
        0.9047242123366411, 
        0.8159449528597972, 
        0.6816397155162432, 
        0.5118298759393247, 
        0.380977421325605, 
        0.36870118454949224, 
        0.39915679893359324, 
        0.411312270872635, 
        0.43655016442231603, 
        0.4128980369279524, 
        0.3459080494187892, 
        0.3623486137031113, 
        0.4660520084882947, 
        0.630451722605405, 
        0.8141686887643448, 
        0.9405181921510133, 
        0.9857508230827305, 
        0.9939306959985729, 
        0.9833870766724175, 
        0.9695446251079562, 
        0.9318846491001073, 
        0.8664682577458317, 
        0.7650415817382155, 
        0.6868892339644902, 
        0.5965607626712295, 
        0.4767587847553407, 
        0.2859576877635123, 
        0.3024162527827569, 
        0.33781273403652207, 
        0.37454157388947207, 
        0.40149201919285415, 
        0.44040526393115204, 
        0.5239320282818478, 
        0.6614756808339485, 
        0.815037033634929, 
        0.929708129548239, 
        0.9813696614722229, 
        0.9888436093204662, 
        0.9679132473423981, 
        0.930108098825627, 
        0.8757286564561195, 
        0.8173888774625896, 
        0.697995712672687, 
        0.4986411788301494, 
        0.2444877851134996, 
        0.2939279315083812, 
        0.24094405333622712
    ], 
    "times": [
        0.0, 
        0.036000000000000004, 
        0.07200000000000001, 
        0.10800000000000001, 
        0.14400000000000002, 
        0.18000000000000002, 
        0.21600000000000003, 
        0.252, 
        0.28800000000000003, 
        0.32400000000000007, 
        0.36000000000000004, 
        0.396, 
        0.43200000000000005, 
        0.4680000000000001, 
        0.504, 
        0.54, 
        0.5760000000000001, 
        0.6120000000000001, 
        0.6480000000000001, 
        0.684, 
        0.7200000000000001, 
        0.7560000000000001, 
        0.792, 
        0.8280000000000001, 
        0.8640000000000001, 
        0.9000000000000001, 
        0.9360000000000002, 
        0.9720000000000001, 
        1.008, 
        1.044, 
        1.08, 
        1.116, 
        1.1520000000000001, 
        1.1880000000000002, 
        1.2240000000000002, 
        1.2600000000000002, 
        1.2960000000000003, 
        1.332, 
        1.368, 
        1.4040000000000001, 
        1.4400000000000002, 
        1.4760000000000002, 
        1.5120000000000002, 
        1.5480000000000003, 
        1.584, 
        1.62, 
        1.6560000000000001, 
        1.6920000000000002, 
        1.7280000000000002, 
        1.7640000000000002, 
        1.8000000000000003
    ], 
    "est_phnoises": [], 
    "N1": [
        27500.000000041095, 
        26360.129056148777, 
        25270.448352886793, 
        24239.103846928327, 
        23261.689534296078, 
        22326.29430767412, 
        21445.590962394846, 
        20554.167878184533, 
        19589.25264292212, 
        18578.049340543927, 
        17594.47509573016, 
        16591.867400191317, 
        15680.205268910815, 
        14920.871834401527, 
        14279.380416146749, 
        13750.83298511336, 
        13305.401351695802, 
        12917.88683313171, 
        12561.206763250084, 
        12218.834871082028, 
        11886.029656966308, 
        11563.395100183508, 
        11242.816863685952, 
        10918.569103311354, 
        10603.065436196292, 
        10302.423928204356, 
        10030.464425613212, 
        9782.68308903492, 
        9542.870869964252, 
        9272.72581709094, 
        8960.383577665869, 
        8614.107694935014, 
        8228.970518966476, 
        7906.596868221013, 
        7642.847204664077, 
        7436.959355375582, 
        7260.920643265354, 
        7094.819070612939, 
        6936.435826398366, 
        6787.262394337714, 
        6643.694375441063, 
        6496.384732028509, 
        6343.119721768833, 
        6183.573730639934, 
        6029.458711375844, 
        5900.536177403093, 
        5788.741888688101, 
        5697.400401458468, 
        5596.461405853411, 
        5473.02458492149, 
        5306.7344079227205
    ], 
    "N2": [
        27500.000000041087, 
        26366.791917603896, 
        25315.048965373302, 
        24376.191954592614, 
        23468.043341387543, 
        22535.154963094188, 
        21509.549735786, 
        20546.0351443297, 
        19768.38122799112, 
        18966.86909240862, 
        17807.983367985697, 
        16888.182778117687, 
        16082.978630399195, 
        15381.430320331834, 
        14798.281805129158, 
        14252.887419379767, 
        13718.924388197865, 
        13209.917405367629, 
        12750.77922880876, 
        12297.335084966742, 
        11866.60089033965, 
        11444.623145137903, 
        11099.248220141344, 
        10847.436887112024, 
        10654.924768642624, 
        10457.839284207683, 
        10262.894561661102, 
        10014.147755286655, 
        9736.433256168179, 
        9461.401497319708, 
        9085.810758313608, 
        8638.93247077426, 
        8359.79719161458, 
        8091.998233287884, 
        7860.351990776796, 
        7646.09261772004, 
        7453.842122605829, 
        7281.35917275075, 
        7092.327469350329, 
        6875.580558076603, 
        6655.525532516922, 
        6455.944546683382, 
        6314.187617038913, 
        6235.466137859779, 
        6192.4090765778965, 
        6130.145678668023, 
        6029.046318562121, 
        5884.519093717179, 
        5716.018616994992, 
        5538.339052938756, 
        5345.575511321541
    ],