{"phnoise": [0.004896581789025967, 0.005093379906368235, 0.0054918118322935215, 0.006016118278138304, 0.006796853312079307, 0.007673501801892098, 0.008793740568686753, 0.010091838254648029, 0.011910198897884102, 0.013479725324816713, 0.015112876863980891, 0.01656598285344547, 0.01834213698724786, 0.020295584390118845, 0.022783601551844727, 0.025808551656252194, 0.029670462569224208, 0.03387375638193094, 0.037730904855577285, 0.04104157813650228, 0.043304354290863545, 0.04537306169049796, 0.04615974211621687, 0.04679916959311539, 0.04711259358054778, 0.04760579990656019, 0.04830965183366572, 0.04907847239621153, 0.05026107152833159, 0.051828321507866766, 0.05367821523037987, 0.05583780508811602, 0.05830874569772664, 0.06142520591252231, 0.06464000809487064, 0.06827257179399705, 0.07221876127465464, 0.07625180376410323, 0.08006305883743664, 0.0838411595947645, 0.08757748907206257, 0.09168125916066497, 0.09589922115648537, 0.10055271187240955, 0.10451218837606281, 0.10744225841831267, 0.1096928270111657, 0.11168722860553461, 0.1134368477558368, 0.11497334305658233, 0.11564857937393133, 0.11636599901999717, 0.11676319601561587, 0.1180563732197262, 0.11968693259184933, 0.12182102867516624, 0.12408365210423614, 0.12664012448782122, 0.12970119324112403, 0.13322253899665645, 0.13732442868826428, 0.14154209818859131, 0.1463531095950117, 0.15153076343632366, 0.15614737075419002, 0.1609665394896431, 0.16572738618537955, 0.17123130412925794, 0.17682524821073356, 0.1814085633054237, 0.18627338876889304, 0.18943551871212985, 0.1920224582030135, 0.1929256071549048, 0.19382304757164617, 0.19458985918905658, 0.19533890050216005, 0.1961552536832663, 0.19783090799301895, 0.20000028589054022, 0.20236934261430073, 0.2050482272239341, 0.20817097573996762, 0.2119657746524783, 0.21587465279146983, 0.2196038657661819, 0.22384900032987656, 0.22846642419608476, 0.23354401832733002, 0.23922761097965808, 0.2458513428377251, 0.253199863444468, 0.2610263137554011, 0.26775957599823813, 0.27310561852269133, 0.2768870161537267, 0.2776738860210718, 0.2780970408947753, 0.27886650007123825, 0.2796787457565669, 0.28116080880698424], "pznoise": [0.02003724007473423, 0.01983812898591112, 0.019695158750999732, 0.019560459384793536, 0.01942079150867374, 0.01926982359945446, 0.01911997050738839, 0.01895658156764722, 0.018731540385899987, 0.01851899712092623, 0.018374578089503227, 0.018190257728178477, 0.018014427610224776, 0.017873245771167858, 0.01779420989938357, 0.017606654164770516, 0.017339119409712642, 0.0169347253728682, 0.016573427931055824, 0.016231324499989166, 0.015890015822866265, 0.015585280173908653, 0.0153723939709375, 0.015171182157867577, 0.01504676022383362, 0.01481207109201668, 0.014725760462808202, 0.01458167855133015, 0.014462845037754185, 0.014267141870950165, 0.014180162514030582, 0.014108889235258633, 0.013968259821119593, 0.013894604509487384, 0.013792249170891367, 0.013693642360980925, 0.01356840602187285, 0.013527331017801857, 0.013457577725002487, 0.013427949250952151, 0.01350347177529014, 0.013536848243019652, 0.013478785652335673, 0.013289907732301223, 0.012911004904864024, 0.012477769802626021, 0.012037654035012307, 0.011723253323074171, 0.01152940397935559, 0.011348012398480132, 0.011183421331991156, 0.01103638536911587, 0.010977975196637983, 0.010837442985976251, 0.01075930659420685, 0.0106850252923441, 0.010555714560956731, 0.01056535429402029, 0.010415402249183567, 0.010392712755373497, 0.010276267242443897, 0.010220500332104972, 0.010186615805252217, 0.010162754020568567, 0.010157268346258958, 0.010067712815071413, 0.01009023265277687, 0.010130816458303864, 0.010050719190696498, 0.009896538820508448, 0.009631103499078055, 0.009373797454551799, 0.009215916923364958, 0.009030847283043469, 0.008877612697225212, 0.008805505305080206, 0.008753252601143187, 0.008664703546076102, 0.008576806742910432, 0.008479050579178396, 0.008382346945963596, 0.008290947240890195, 0.008222364991247604, 0.008169123032221073, 0.008078748989808067, 0.007969418174082423, 0.007902778586607888, 0.007838999855170318, 0.007789222956131149, 0.007753829030534706, 0.0077313806606339125, 0.00771526876683792, 0.007639982016628816, 0.007586028791128109, 0.007466957089715357, 0.007289819585002251, 0.007158994279134681, 0.007043300362880564, 0.006955506302531337, 0.006886373205040839, 0.0068445266346491085], "times": [0.0007142857142857143, 0.013698035714285716, 0.02669803571428572, 0.03969803571428572, 0.052698035714285725, 0.06569803571428572, 0.07869803571428571, 0.09169803571428572, 0.10469803571428572, 0.11769803571428572, 0.13069803571428573, 0.14369803571428574, 0.15669803571428575, 0.16969803571428574, 0.18269803571428575, 0.19569803571428573, 0.20869803571428575, 0.22169803571428576, 0.23469803571428574, 0.24769803571428575, 0.26069803571428574, 0.27369803571428575, 0.28669803571428576, 0.29969803571428577, 0.3126980357142858, 0.32569803571428574, 0.33869803571428575, 0.35169803571428576, 0.3646980357142858, 0.3776980357142858, 0.3906980357142858, 0.40369803571428575, 0.41669803571428576, 0.4296980357142858, 0.4426980357142858, 0.4556980357142858, 0.46869803571428575, 0.48169803571428577, 0.4946980357142858, 0.5076980357142857, 0.5206980357142857, 0.5336980357142858, 0.5466980357142858, 0.5596980357142858, 0.5726980357142858, 0.5856980357142857, 0.5986980357142857, 0.6116980357142857, 0.6246980357142857, 0.6376980357142857, 0.6506980357142857, 0.6636980357142858, 0.6766980357142858, 0.6896980357142858, 0.7026980357142858, 0.7156980357142858, 0.7286980357142857, 0.7416980357142857, 0.7546980357142857, 0.7676980357142857, 0.7806980357142858, 0.7936980357142858, 0.8066980357142858, 0.8196980357142858, 0.8326980357142858, 0.8456980357142858, 0.8586980357142858, 0.8716980357142857, 0.8846980357142857, 0.8976980357142857, 0.9106980357142858, 0.9236980357142858, 0.9366980357142858, 0.9496980357142858, 0.9626980357142858, 0.9756980357142858, 0.9886980357142858, 1.0016980357142857, 1.0146980357142859, 1.0276980357142858, 1.0406980357142859, 1.0536980357142858, 1.066698035714286, 1.0796980357142858, 1.0926980357142857, 1.1056980357142858, 1.1186980357142857, 1.1316980357142858, 1.1446980357142857, 1.1576980357142859, 1.1706980357142858, 1.183698035714286, 1.1966980357142858, 1.209698035714286, 1.2226980357142858, 1.2356980357142857, 1.2486980357142858, 1.2616980357142857, 1.2746980357142859, 1.2876980357142858, 1.3006980357142859]}