{"phnoise": [0.004083393430750236, 0.00390684580643002, 0.004133695967876549, 0.004777130738412948, 0.005644208309225421, 0.0067677738359988755, 0.007991901848390326, 0.008830914996321411, 0.010252216970926261, 0.011847895506201876, 0.013435720325303052, 0.014383163544353598, 0.015907835105254474, 0.016997790028677014, 0.01793032233423231, 0.018492878876700848, 0.019269656899238142, 0.020848339680455467, 0.022105204260013892, 0.023207538527124857, 0.02477459729298104, 0.02609419838629683, 0.02754812578463295, 0.028538422593446047, 0.028928626764925445, 0.029844617236946674, 0.030906558042924203, 0.03171876783218955, 0.032496812016848044, 0.03339744579999418, 0.03429708952913871, 0.035349746195643794, 0.03632873891539005, 0.03748163568761262, 0.038626473217220236, 0.04002716693900745, 0.04116724582866771, 0.042357434973903305, 0.04338756000707501, 0.04519128696663918, 0.045936499807580876, 0.047281257068155, 0.04848171516709994, 0.050382503409773204, 0.05170543759484376, 0.052502040150546485, 0.053977760912527914, 0.05537006500458612, 0.05690110912885031, 0.05858260723009781, 0.0597046483850785, 0.0610473042496246, 0.06187757833991528, 0.0626522643427032, 0.06357322363698455, 0.06460484190656894, 0.06557033894086339, 0.06635320527289638, 0.06753747120048849, 0.06850859002082055, 0.06964745821977482, 0.07052547152741778, 0.07219466752886024, 0.07349136936416287, 0.07441532235005682, 0.0747739217294044, 0.0754191088803631, 0.07688225427204178, 0.07903032174139121, 0.08174307579371994, 0.08431296480217922, 0.0868838413257927, 0.08835851008216165, 0.08966891752121373, 0.09042381432044687, 0.0913484036791591, 0.09204107908726543, 0.09250469572381402, 0.0932725716908093, 0.09394227343225851, 0.09426477444447026, 0.09458252917959452, 0.09531607689271075, 0.09620706725747726, 0.09705533954301047, 0.09774830381921068, 0.09829140850948846, 0.09939757089598203, 0.10073892063081612, 0.10160219676891923, 0.10322746927883697, 0.10582976683252404, 0.11040060584623552, 0.11424543153326115, 0.11817712362027018, 0.12115718864252267, 0.12339846613189596, 0.123229710821368, 0.121951891028269, 0.12162248051137152, 0.12198780840178146], "pznoise": [0.004448574492456419, 0.004426115318533661, 0.004398069751140201, 0.004393921156413663, 0.004356230763170054, 0.004305194823561318, 0.004256947999888464, 0.0042328527680458245, 0.004180086478409265, 0.0041883319547707685, 0.004193764190190824, 0.0042034123299038145, 0.0042193204664805785, 0.004284480727000688, 0.004359812931189876, 0.0043338477797097135, 0.004301667583440364, 0.00423319597403942, 0.004167359900743065, 0.004111241890259047, 0.004027467322173791, 0.003886505088858871, 0.003969586406975712, 0.0038451857605471215, 0.003900404562971672, 0.003792604086693483, 0.003785426265059047, 0.0037451734505275815, 0.0037263136024910156, 0.0036724704808598616, 0.003746287894029026, 0.003641395705596727, 0.0035806778120557746, 0.00357500693686395, 0.003560384746588865, 0.0035172571610712295, 0.00346772235253096, 0.003436439926459539, 0.0034808050788203565, 0.003512057972754076, 0.0035419529429963357, 0.003658211791302729, 0.0036493648822342605, 0.003567862465479397, 0.0034378465273765917, 0.0033729377892708916, 0.0033633788584213043, 0.0031861353374799573, 0.0030961040447860973, 0.003103922963922707, 0.0030224572235845646, 0.0029781596998405386, 0.002998640526990618, 0.0029007328389880423, 0.0029140465747395533, 0.0028626499932912393, 0.002855779603219492, 0.0028386562777456105, 0.0028029198496623813, 0.002790019765917823, 0.002843033711817299, 0.0028315983833097596, 0.00282853890684879, 0.002884232737796481, 0.0028557208186557634, 0.002777627452423003, 0.002870088848256509, 0.0029671053684008127, 0.002895251503592041, 0.002817280884273566, 0.0027215540739531714, 0.0025971282118397447, 0.002534547251108254, 0.0025057538728556483, 0.0024677869956161286, 0.002484250678412975, 0.0024436321609450948, 0.0023842349839676077, 0.0023735155545399757, 0.002361825978456896, 0.0023479349299817833, 0.002371430337981205, 0.002346919735176634, 0.002351490251687756, 0.002371206622959109, 0.002354757884736271, 0.0023285965428797486, 0.0023057852108539817, 0.0022732911466426943, 0.0022227062240482848, 0.002212656066144794, 0.0021785151557232874, 0.0021956021699133204, 0.0021540307381271843, 0.002079041861698728, 0.0020037909652239894, 0.0020163667054830434, 0.0020376480569190905, 0.0020148205916901752, 0.0020078012872937444, 0.002010466997717616], "times": [0.0007142857142857143, 0.013698035714285716, 0.02669803571428572, 0.03969803571428572, 0.052698035714285725, 0.06569803571428572, 0.07869803571428571, 0.09169803571428572, 0.10469803571428572, 0.11769803571428572, 0.13069803571428573, 0.14369803571428574, 0.15669803571428575, 0.16969803571428574, 0.18269803571428575, 0.19569803571428573, 0.20869803571428575, 0.22169803571428576, 0.23469803571428574, 0.24769803571428575, 0.26069803571428574, 0.27369803571428575, 0.28669803571428576, 0.29969803571428577, 0.3126980357142858, 0.32569803571428574, 0.33869803571428575, 0.35169803571428576, 0.3646980357142858, 0.3776980357142858, 0.3906980357142858, 0.40369803571428575, 0.41669803571428576, 0.4296980357142858, 0.4426980357142858, 0.4556980357142858, 0.46869803571428575, 0.48169803571428577, 0.4946980357142858, 0.5076980357142857, 0.5206980357142857, 0.5336980357142858, 0.5466980357142858, 0.5596980357142858, 0.5726980357142858, 0.5856980357142857, 0.5986980357142857, 0.6116980357142857, 0.6246980357142857, 0.6376980357142857, 0.6506980357142857, 0.6636980357142858, 0.6766980357142858, 0.6896980357142858, 0.7026980357142858, 0.7156980357142858, 0.7286980357142857, 0.7416980357142857, 0.7546980357142857, 0.7676980357142857, 0.7806980357142858, 0.7936980357142858, 0.8066980357142858, 0.8196980357142858, 0.8326980357142858, 0.8456980357142858, 0.8586980357142858, 0.8716980357142857, 0.8846980357142857, 0.8976980357142857, 0.9106980357142858, 0.9236980357142858, 0.9366980357142858, 0.9496980357142858, 0.9626980357142858, 0.9756980357142858, 0.9886980357142858, 1.0016980357142857, 1.0146980357142859, 1.0276980357142858, 1.0406980357142859, 1.0536980357142858, 1.066698035714286, 1.0796980357142858, 1.0926980357142857, 1.1056980357142858, 1.1186980357142857, 1.1316980357142858, 1.1446980357142857, 1.1576980357142859, 1.1706980357142858, 1.183698035714286, 1.1966980357142858, 1.209698035714286, 1.2226980357142858, 1.2356980357142857, 1.2486980357142858, 1.2616980357142857, 1.2746980357142859, 1.2876980357142858, 1.3006980357142859]}